index,Datetime,Close,position_id,entry_signal,exit_signal
0,2024-09-10T13:30:00.000000,218.38999938964844,,,
1,2024-09-10T13:35:00.000000,217.30999755859375,,,
2,2024-09-10T13:40:00.000000,217.29989624023438,,,
3,2024-09-10T13:45:00.000000,217.13999938964844,,,
4,2024-09-10T13:50:00.000000,217.14999389648438,,,
5,2024-09-10T13:55:00.000000,217.51499938964844,,,
6,2024-09-10T14:00:00.000000,218.21499633789062,,,
7,2024-09-10T14:05:00.000000,219.19000244140625,,,
8,2024-09-10T14:10:00.000000,218.39999389648438,,,
9,2024-09-10T14:15:00.000000,218.85000610351562,,,
10,2024-09-10T14:20:00.000000,218.86000061035156,,,
11,2024-09-10T14:25:00.000000,219.77999877929688,,,
12,2024-09-10T14:30:00.000000,219.52099609375,,,
13,2024-09-10T14:35:00.000000,219.65499877929688,,,
14,2024-09-10T14:40:00.000000,219.02000427246094,,,
15,2024-09-10T14:45:00.000000,218.91000366210938,,,
16,2024-09-10T14:50:00.000000,219.1199951171875,,,
17,2024-09-10T14:55:00.000000,219.15989685058594,,,
18,2024-09-10T15:00:00.000000,219.10000610351562,,,
19,2024-09-10T15:05:00.000000,219.4600067138672,,,
20,2024-09-10T15:10:00.000000,219.74000549316406,,,
21,2024-09-10T15:15:00.000000,219.77999877929688,,,
22,2024-09-10T15:20:00.000000,219.91319274902344,,,
23,2024-09-10T15:25:00.000000,219.9499969482422,,,
24,2024-09-10T15:30:00.000000,220.02479553222656,,,
25,2024-09-10T15:35:00.000000,219.7899932861328,,,
26,2024-09-10T15:40:00.000000,219.86000061035156,,,
27,2024-09-10T15:45:00.000000,219.3300018310547,,,
28,2024-09-10T15:50:00.000000,218.5399932861328,,,
29,2024-09-10T15:55:00.000000,218.33999633789062,,,
30,2024-09-10T16:00:00.000000,218.1649932861328,,,
31,2024-09-10T16:05:00.000000,218.63999938964844,,,
32,2024-09-10T16:10:00.000000,218.43260192871094,,,
33,2024-09-10T16:15:00.000000,218.47000122070312,,,
34,2024-09-10T16:20:00.000000,218.50999450683594,,false,
35,2024-09-10T16:25:00.000000,218.5399932861328,,false,
36,2024-09-10T16:30:00.000000,218.89999389648438,,,
37,2024-09-10T16:35:00.000000,218.9499969482422,,,
38,2024-09-10T16:40:00.000000,219.4241943359375,,,
39,2024-09-10T16:45:00.000000,219.30999755859375,,,
40,2024-09-10T16:50:00.000000,219.85260009765625,,,
41,2024-09-10T16:55:00.000000,219.5460968017578,,,
42,2024-09-10T17:00:00.000000,219.8675994873047,,,
43,2024-09-10T17:05:00.000000,219.84500122070312,,,
44,2024-09-10T17:10:00.000000,220.53500366210938,,,
45,2024-09-10T17:15:00.000000,220.4499969482422,,,
46,2024-09-10T17:20:00.000000,220.41419982910156,,,
47,2024-09-10T17:25:00.000000,220.27000427246094,,,
48,2024-09-10T17:30:00.000000,220.41000366210938,,,
49,2024-09-10T17:35:00.000000,220.4600067138672,,,
50,2024-09-10T17:40:00.000000,220.6300048828125,,,
51,2024-09-10T17:45:00.000000,220.74710083007812,,,
52,2024-09-10T17:50:00.000000,220.75999450683594,,,
53,2024-09-10T17:55:00.000000,220.80999755859375,,,
54,2024-09-10T18:00:00.000000,221.4221954345703,,,
55,2024-09-10T18:05:00.000000,221.10499572753906,,,
56,2024-09-10T18:10:00.000000,221.10000610351562,,,
57,2024-09-10T18:15:00.000000,220.9199981689453,,,
58,2024-09-10T18:20:00.000000,220.88999938964844,,,
59,2024-09-10T18:25:00.000000,220.80999755859375,,,
60,2024-09-10T18:30:00.000000,220.75,,,
61,2024-09-10T18:35:00.000000,220.77999877929688,,,
62,2024-09-10T18:40:00.000000,220.78500366210938,,,
63,2024-09-10T18:45:00.000000,220.4600067138672,,,
64,2024-09-10T18:50:00.000000,220.44500732421875,,,
65,2024-09-10T18:55:00.000000,220.37559509277344,,,
66,2024-09-10T19:00:00.000000,220.30499267578125,,,
67,2024-09-10T19:05:00.000000,220.31500244140625,,,
68,2024-09-10T19:10:00.000000,220.72740173339844,,false,
69,2024-09-10T19:15:00.000000,220.65499877929688,,,
70,2024-09-10T19:20:00.000000,220.47999572753906,,false,
71,2024-09-10T19:25:00.000000,220.75,,,
72,2024-09-10T19:30:00.000000,220.8699951171875,,,
73,2024-09-10T19:35:00.000000,220.72999572753906,,,
74,2024-09-10T19:40:00.000000,220.77499389648438,,,
75,2024-09-10T19:45:00.000000,220.80999755859375,,,
76,2024-09-10T19:50:00.000000,220.25,,,
77,2024-09-10T19:55:00.000000,220.1699981689453,,,
78,2024-09-11T13:30:00.000000,222.60000610351562,,,
79,2024-09-11T13:35:00.000000,221.25999450683594,,,
80,2024-09-11T13:40:00.000000,220.7899932861328,,,
81,2024-09-11T13:45:00.000000,220.7100067138672,,,
82,2024-09-11T13:50:00.000000,220.50999450683594,,,
83,2024-09-11T13:55:00.000000,220.5050048828125,,,
84,2024-09-11T14:00:00.000000,220.7899932861328,,,
85,2024-09-11T14:05:00.000000,220.5500030517578,,,
86,2024-09-11T14:10:00.000000,219.7100067138672,,,
87,2024-09-11T14:15:00.000000,219.5399932861328,,,
88,2024-09-11T14:20:00.000000,219.5500030517578,,,
89,2024-09-11T14:25:00.000000,219.25,,,
90,2024-09-11T14:30:00.000000,218.5408935546875,,,
91,2024-09-11T14:35:00.000000,218.6199951171875,,,
92,2024-09-11T14:40:00.000000,218.5399932861328,,false,
93,2024-09-11T14:45:00.000000,218.34640502929688,,false,
94,2024-09-11T14:50:00.000000,218.17010498046875,,false,
95,2024-09-11T14:55:00.000000,218.58999633789062,,false,
96,2024-09-11T15:00:00.000000,218.55999755859375,,false,
97,2024-09-11T15:05:00.000000,218.75999450683594,,false,
98,2024-09-11T15:10:00.000000,219.0500030517578,,false,
99,2024-09-11T15:15:00.000000,218.97000122070312,,false,
100,2024-09-11T15:20:00.000000,218.6999969482422,,,
101,2024-09-11T15:25:00.000000,218.89999389648438,,,
102,2024-09-11T15:30:00.000000,218.80999755859375,,,
103,2024-09-11T15:35:00.000000,219.60000610351562,,,
104,2024-09-11T15:40:00.000000,219.77999877929688,,,
105,2024-09-11T15:45:00.000000,220.1907958984375,,,
106,2024-09-11T15:50:00.000000,219.6199951171875,,,
107,2024-09-11T15:55:00.000000,219.67999267578125,,,
108,2024-09-11T16:00:00.000000,220.4550018310547,,,
109,2024-09-11T16:05:00.000000,220.5500030517578,,,
110,2024-09-11T16:10:00.000000,220.6739959716797,,,
111,2024-09-11T16:15:00.000000,220.72000122070312,,,
112,2024-09-11T16:20:00.000000,220.38999938964844,,,
113,2024-09-11T16:25:00.000000,220.835205078125,,,
114,2024-09-11T16:30:00.000000,220.9499969482422,,,
115,2024-09-11T16:35:00.000000,221.27969360351562,,,
116,2024-09-11T16:40:00.000000,220.66000366210938,,,
117,2024-09-11T16:45:00.000000,220.5800018310547,,,
118,2024-09-11T16:50:00.000000,220.9199981689453,,,
119,2024-09-11T16:55:00.000000,221.0727996826172,,,
120,2024-09-11T17:00:00.000000,221.41000366210938,,,
121,2024-09-11T17:05:00.000000,221.47999572753906,,,
122,2024-09-11T17:10:00.000000,221.40890502929688,,,
123,2024-09-11T17:15:00.000000,221.22999572753906,,,
124,2024-09-11T17:20:00.000000,221.02000427246094,,,
125,2024-09-11T17:25:00.000000,221.20970153808594,,,
126,2024-09-11T17:30:00.000000,221.17999267578125,,,
127,2024-09-11T17:35:00.000000,221.0500030517578,,,
128,2024-09-11T17:40:00.000000,221.0800018310547,,,
129,2024-09-11T17:45:00.000000,221.44009399414062,,,
130,2024-09-11T17:50:00.000000,221.10000610351562,,,
131,2024-09-11T17:55:00.000000,221.0800018310547,,,
132,2024-09-11T18:00:00.000000,220.97999572753906,,,
133,2024-09-11T18:05:00.000000,221.02999877929688,,,
134,2024-09-11T18:10:00.000000,221.19119262695312,,,
135,2024-09-11T18:15:00.000000,221.02499389648438,,,
136,2024-09-11T18:20:00.000000,221.27000427246094,,,
137,2024-09-11T18:25:00.000000,221.6199951171875,,,
138,2024-09-11T18:30:00.000000,221.3603057861328,,,
139,2024-09-11T18:35:00.000000,221.32000732421875,,,
140,2024-09-11T18:40:00.000000,221.51499938964844,,,
141,2024-09-11T18:45:00.000000,221.49000549316406,,,
142,2024-09-11T18:50:00.000000,221.3000030517578,,,
143,2024-09-11T18:55:00.000000,221.4499969482422,,,
144,2024-09-11T19:00:00.000000,221.4499969482422,,,
145,2024-09-11T19:05:00.000000,221.44700622558594,,,
146,2024-09-11T19:10:00.000000,221.36500549316406,,,
147,2024-09-11T19:15:00.000000,221.1699981689453,,,
148,2024-09-11T19:20:00.000000,221.74000549316406,,,
149,2024-09-11T19:25:00.000000,221.97000122070312,,,
150,2024-09-11T19:30:00.000000,221.875,,,
151,2024-09-11T19:35:00.000000,221.8000030517578,,,
152,2024-09-11T19:40:00.000000,222.08999633789062,,,
153,2024-09-11T19:45:00.000000,222.35009765625,,,
154,2024-09-11T19:50:00.000000,222.6300048828125,,,
155,2024-09-11T19:55:00.000000,222.86000061035156,,,
156,2024-09-12T13:30:00.000000,221.64999389648438,0,,false
157,2024-09-12T13:35:00.000000,220.90499877929688,0,,false
158,2024-09-12T13:40:00.000000,221.0500030517578,0,,false
159,2024-09-12T13:45:00.000000,220.00999450683594,0,,false
160,2024-09-12T13:50:00.000000,220.85000610351562,0,,false
161,2024-09-12T13:55:00.000000,221.02999877929688,0,,false
162,2024-09-12T14:00:00.000000,221.28179931640625,0,,false
163,2024-09-12T14:05:00.000000,221.50010681152344,0,,false
164,2024-09-12T14:10:00.000000,221.93499755859375,0,,false
165,2024-09-12T14:15:00.000000,222.24000549316406,0,,false
166,2024-09-12T14:20:00.000000,222.18499755859375,0,,false
167,2024-09-12T14:25:00.000000,222.07000732421875,0,,false
168,2024-09-12T14:30:00.000000,222.27999877929688,0,true,false
169,2024-09-12T14:35:00.000000,221.52999877929688,0,true,false
170,2024-09-12T14:40:00.000000,221.84500122070312,0,true,false
171,2024-09-12T14:45:00.000000,222.04879760742188,0,true,false
172,2024-09-12T14:50:00.000000,222.03799438476562,0,true,false
173,2024-09-12T14:55:00.000000,221.8000030517578,0,true,false
174,2024-09-12T15:00:00.000000,222.17999267578125,0,true,false
175,2024-09-12T15:05:00.000000,222.86500549316406,0,true,true
176,2024-09-12T15:10:00.000000,222.72999572753906,0,true,true
177,2024-09-12T15:15:00.000000,222.11000061035156,0,true,false
178,2024-09-12T15:20:00.000000,221.96009826660156,0,true,false
179,2024-09-12T15:25:00.000000,221.89999389648438,0,true,false
180,2024-09-12T15:30:00.000000,222.27000427246094,0,true,false
181,2024-09-12T15:35:00.000000,222.1699981689453,0,true,false
182,2024-09-12T15:40:00.000000,221.97999572753906,0,true,false
183,2024-09-12T15:45:00.000000,221.94000244140625,0,true,false
184,2024-09-12T15:50:00.000000,222.07989501953125,0,true,false
185,2024-09-12T15:55:00.000000,221.97500610351562,0,true,false
186,2024-09-12T16:00:00.000000,222.11000061035156,0,true,false
187,2024-09-12T16:05:00.000000,222.0,0,true,false
188,2024-09-12T16:10:00.000000,221.97999572753906,0,true,false
189,2024-09-12T16:15:00.000000,221.74000549316406,0,false,false
190,2024-09-12T16:20:00.000000,221.80999755859375,0,true,false
191,2024-09-12T16:25:00.000000,221.92999267578125,0,true,false
192,2024-09-12T16:30:00.000000,221.90499877929688,0,true,false
193,2024-09-12T16:35:00.000000,221.75,0,true,false
194,2024-09-12T16:40:00.000000,221.8800048828125,0,true,false
195,2024-09-12T16:45:00.000000,221.91000366210938,0,true,false
196,2024-09-12T16:50:00.000000,222.27999877929688,0,true,false
197,2024-09-12T16:55:00.000000,222.5,0,true,false
198,2024-09-12T17:00:00.000000,222.50289916992188,0,true,false
199,2024-09-12T17:05:00.000000,222.72999572753906,0,true,true
200,2024-09-12T17:10:00.000000,222.7949981689453,0,true,true
201,2024-09-12T17:15:00.000000,222.84010314941406,0,true,true
202,2024-09-12T17:20:00.000000,222.97000122070312,0,true,true
203,2024-09-12T17:25:00.000000,222.6199951171875,0,true,true
204,2024-09-12T17:30:00.000000,222.8350067138672,0,true,true
205,2024-09-12T17:35:00.000000,223.05999755859375,0,true,true
206,2024-09-12T17:40:00.000000,222.82989501953125,0,true,true
207,2024-09-12T17:45:00.000000,223.00999450683594,0,true,true
208,2024-09-12T17:50:00.000000,223.11000061035156,0,true,true
209,2024-09-12T17:55:00.000000,223.0749969482422,0,true,true
210,2024-09-12T18:00:00.000000,223.06500244140625,0,true,true
211,2024-09-12T18:05:00.000000,223.07000732421875,0,true,true
212,2024-09-12T18:10:00.000000,222.81460571289062,0,true,true
213,2024-09-12T18:15:00.000000,222.8699951171875,0,true,true
214,2024-09-12T18:20:00.000000,223.08999633789062,0,true,true
215,2024-09-12T18:25:00.000000,223.14010620117188,0,true,true
216,2024-09-12T18:30:00.000000,223.22000122070312,0,true,true
217,2024-09-12T18:35:00.000000,223.51499938964844,0,true,true
218,2024-09-12T18:40:00.000000,223.3800048828125,0,true,true
219,2024-09-12T18:45:00.000000,223.34640502929688,0,true,true
220,2024-09-12T18:50:00.000000,222.88009643554688,0,true,true
221,2024-09-12T18:55:00.000000,223.19000244140625,0,true,true
222,2024-09-12T19:00:00.000000,223.10000610351562,0,true,true
223,2024-09-12T19:05:00.000000,223.40640258789062,0,true,true
224,2024-09-12T19:10:00.000000,223.22000122070312,0,true,true
225,2024-09-12T19:15:00.000000,223.22000122070312,0,true,true
226,2024-09-12T19:20:00.000000,222.93389892578125,0,true,true
227,2024-09-12T19:25:00.000000,222.94000244140625,0,true,true
228,2024-09-12T19:30:00.000000,223.0,0,true,true
229,2024-09-12T19:35:00.000000,223.11000061035156,0,true,true
230,2024-09-12T19:40:00.000000,223.2550048828125,0,true,true
231,2024-09-12T19:45:00.000000,222.8249969482422,0,true,true
232,2024-09-12T19:50:00.000000,222.5800018310547,0,true,false
233,2024-09-12T19:55:00.000000,222.8699951171875,0,true,true
234,2024-09-13T13:30:00.000000,222.9199981689453,1,true,false
235,2024-09-13T13:35:00.000000,222.42999267578125,1,true,false
236,2024-09-13T13:40:00.000000,222.5800018310547,1,true,false
237,2024-09-13T13:45:00.000000,222.5449981689453,1,true,false
238,2024-09-13T13:50:00.000000,222.8000030517578,1,true,false
239,2024-09-13T13:55:00.000000,222.52000427246094,1,true,false
240,2024-09-13T14:00:00.000000,223.14010620117188,1,true,false
241,2024-09-13T14:05:00.000000,223.3300018310547,1,true,true
242,2024-09-13T14:10:00.000000,223.0,1,true,false
243,2024-09-13T14:15:00.000000,222.69000244140625,1,true,false
244,2024-09-13T14:20:00.000000,223.0399932861328,1,true,false
245,2024-09-13T14:25:00.000000,222.3699951171875,1,true,false
246,2024-09-13T14:30:00.000000,222.3000030517578,1,true,false
247,2024-09-13T14:35:00.000000,222.33999633789062,1,true,false
248,2024-09-13T14:40:00.000000,222.7100067138672,1,true,false
249,2024-09-13T14:45:00.000000,223.0500030517578,1,true,false
250,2024-09-13T14:50:00.000000,222.98480224609375,1,true,false
251,2024-09-13T14:55:00.000000,223.16000366210938,1,true,false
252,2024-09-13T15:00:00.000000,223.39999389648438,1,true,true
253,2024-09-13T15:05:00.000000,223.55999755859375,1,true,true
254,2024-09-13T15:10:00.000000,223.59109497070312,1,true,true
255,2024-09-13T15:15:00.000000,223.35000610351562,1,true,true
256,2024-09-13T15:20:00.000000,223.32749938964844,1,true,true
257,2024-09-13T15:25:00.000000,223.5449981689453,1,true,true
258,2024-09-13T15:30:00.000000,223.68499755859375,1,true,true
259,2024-09-13T15:35:00.000000,223.3699951171875,1,true,true
260,2024-09-13T15:40:00.000000,223.48399353027344,1,true,true
261,2024-09-13T15:45:00.000000,223.6999969482422,1,true,true
262,2024-09-13T15:50:00.000000,223.77000427246094,1,true,true
263,2024-09-13T15:55:00.000000,223.80999755859375,1,true,true
264,2024-09-13T16:00:00.000000,223.85110473632812,1,true,true
265,2024-09-13T16:05:00.000000,223.44500732421875,1,true,true
266,2024-09-13T16:10:00.000000,223.25999450683594,1,true,true
267,2024-09-13T16:15:00.000000,223.360107421875,1,true,true
268,2024-09-13T16:20:00.000000,223.21499633789062,1,true,true
269,2024-09-13T16:25:00.000000,223.3101043701172,1,true,true
270,2024-09-13T16:30:00.000000,223.47000122070312,1,true,true
271,2024-09-13T16:35:00.000000,223.41000366210938,1,true,true
272,2024-09-13T16:40:00.000000,223.32000732421875,1,true,true
273,2024-09-13T16:45:00.000000,223.4550018310547,1,true,true
274,2024-09-13T16:50:00.000000,223.94000244140625,1,true,true
275,2024-09-13T16:55:00.000000,223.8800048828125,1,true,true
276,2024-09-13T17:00:00.000000,223.9199981689453,1,true,true
277,2024-09-13T17:05:00.000000,223.79989624023438,1,true,true
278,2024-09-13T17:10:00.000000,223.8000030517578,1,true,true
279,2024-09-13T17:15:00.000000,223.86000061035156,1,true,true
280,2024-09-13T17:20:00.000000,223.67129516601562,1,true,true
281,2024-09-13T17:25:00.000000,223.58380126953125,1,true,true
282,2024-09-13T17:30:00.000000,223.4600067138672,1,true,true
283,2024-09-13T17:35:00.000000,223.6999969482422,1,true,true
284,2024-09-13T17:40:00.000000,223.69000244140625,1,true,true
285,2024-09-13T17:45:00.000000,223.6699981689453,1,true,true
286,2024-09-13T17:50:00.000000,223.6999969482422,1,true,true
287,2024-09-13T17:55:00.000000,223.69000244140625,1,true,true
288,2024-09-13T18:00:00.000000,223.67999267578125,1,true,true
289,2024-09-13T18:05:00.000000,223.9499969482422,1,true,true
290,2024-09-13T18:10:00.000000,223.5500030517578,1,true,true
291,2024-09-13T18:15:00.000000,223.30999755859375,1,true,true
292,2024-09-13T18:20:00.000000,223.02999877929688,1,true,false
293,2024-09-13T18:25:00.000000,223.0,1,false,false
294,2024-09-13T18:30:00.000000,222.87049865722656,1,false,false
295,2024-09-13T18:35:00.000000,222.72999572753906,1,false,false
296,2024-09-13T18:40:00.000000,222.66000366210938,1,false,false
297,2024-09-13T18:45:00.000000,222.66000366210938,1,false,false
298,2024-09-13T18:50:00.000000,222.64999389648438,1,false,false
299,2024-09-13T18:55:00.000000,222.4700927734375,1,false,false
300,2024-09-13T19:00:00.000000,222.51499938964844,1,false,false
301,2024-09-13T19:05:00.000000,222.49000549316406,1,false,false
302,2024-09-13T19:10:00.000000,222.42579650878906,1,false,false
303,2024-09-13T19:15:00.000000,222.60000610351562,1,false,false
304,2024-09-13T19:20:00.000000,222.6699981689453,1,false,false
305,2024-09-13T19:25:00.000000,222.53399658203125,1,false,false
306,2024-09-13T19:30:00.000000,222.41000366210938,1,false,false
307,2024-09-13T19:35:00.000000,222.5,1,true,false
308,2024-09-13T19:40:00.000000,222.77000427246094,1,true,false
309,2024-09-13T19:45:00.000000,222.61000061035156,1,true,false
310,2024-09-13T19:50:00.000000,222.47000122070312,1,true,false
311,2024-09-13T19:55:00.000000,222.4600067138672,1,true,false
312,2024-09-16T13:30:00.000000,214.3699951171875,1,false,
313,2024-09-16T13:35:00.000000,214.80999755859375,1,false,
314,2024-09-16T13:40:00.000000,215.19000244140625,1,false,
315,2024-09-16T13:45:00.000000,215.5,1,false,
316,2024-09-16T13:50:00.000000,215.91000366210938,1,false,
317,2024-09-16T13:55:00.000000,215.19500732421875,1,false,
318,2024-09-16T14:00:00.000000,215.77499389648438,1,false,
319,2024-09-16T14:05:00.000000,215.50999450683594,1,false,
320,2024-09-16T14:10:00.000000,217.1649932861328,1,false,
321,2024-09-16T14:15:00.000000,216.8000030517578,1,false,
322,2024-09-16T14:20:00.000000,216.48159790039062,1,false,
323,2024-09-16T14:25:00.000000,216.66000366210938,1,false,
324,2024-09-16T14:30:00.000000,216.1699981689453,1,false,
325,2024-09-16T14:35:00.000000,216.0850067138672,1,false,
326,2024-09-16T14:40:00.000000,215.7050018310547,1,false,
327,2024-09-16T14:45:00.000000,215.50999450683594,1,false,
328,2024-09-16T14:50:00.000000,215.36000061035156,1,false,
329,2024-09-16T14:55:00.000000,215.3000030517578,1,false,
330,2024-09-16T15:00:00.000000,215.08999633789062,1,false,
331,2024-09-16T15:05:00.000000,215.44000244140625,1,false,
332,2024-09-16T15:10:00.000000,215.75,1,false,
333,2024-09-16T15:15:00.000000,216.05499267578125,1,false,
334,2024-09-16T15:20:00.000000,216.39010620117188,1,false,
335,2024-09-16T15:25:00.000000,216.55650329589844,1,false,
336,2024-09-16T15:30:00.000000,216.4199981689453,1,false,
337,2024-09-16T15:35:00.000000,216.06500244140625,1,false,
338,2024-09-16T15:40:00.000000,215.5800018310547,1,false,
339,2024-09-16T15:45:00.000000,215.66000366210938,1,false,
340,2024-09-16T15:50:00.000000,216.11000061035156,1,false,
341,2024-09-16T15:55:00.000000,215.9550018310547,1,false,
342,2024-09-16T16:00:00.000000,215.82949829101562,1,false,
343,2024-09-16T16:05:00.000000,215.92999267578125,1,false,
344,2024-09-16T16:10:00.000000,215.47500610351562,1,false,
345,2024-09-16T16:15:00.000000,215.1199951171875,1,false,
346,2024-09-16T16:20:00.000000,215.22500610351562,1,false,
347,2024-09-16T16:25:00.000000,215.39999389648438,1,false,
348,2024-09-16T16:30:00.000000,215.11000061035156,1,false,
349,2024-09-16T16:35:00.000000,215.25,1,false,
350,2024-09-16T16:40:00.000000,215.1656036376953,1,false,
351,2024-09-16T16:45:00.000000,215.2899932861328,1,false,
352,2024-09-16T16:50:00.000000,215.53900146484375,1,false,
353,2024-09-16T16:55:00.000000,215.58999633789062,1,false,
354,2024-09-16T17:00:00.000000,215.58999633789062,1,false,
355,2024-09-16T17:05:00.000000,215.72999572753906,1,false,
356,2024-09-16T17:10:00.000000,215.72000122070312,1,false,
357,2024-09-16T17:15:00.000000,215.80999755859375,1,false,
358,2024-09-16T17:20:00.000000,215.9503936767578,1,false,
359,2024-09-16T17:25:00.000000,215.96499633789062,1,false,
360,2024-09-16T17:30:00.000000,215.8699951171875,1,false,
361,2024-09-16T17:35:00.000000,215.875,1,false,
362,2024-09-16T17:40:00.000000,216.05999755859375,1,false,
363,2024-09-16T17:45:00.000000,216.24000549316406,1,false,
364,2024-09-16T17:50:00.000000,216.1999969482422,1,false,
365,2024-09-16T17:55:00.000000,216.22000122070312,1,false,
366,2024-09-16T18:00:00.000000,216.17999267578125,1,false,
367,2024-09-16T18:05:00.000000,216.33169555664062,1,false,
368,2024-09-16T18:10:00.000000,216.27000427246094,1,false,
369,2024-09-16T18:15:00.000000,216.2655029296875,1,false,
370,2024-09-16T18:20:00.000000,216.4250030517578,1,false,
371,2024-09-16T18:25:00.000000,216.42999267578125,1,false,
372,2024-09-16T18:30:00.000000,216.31500244140625,1,false,
373,2024-09-16T18:35:00.000000,216.39500427246094,1,false,
374,2024-09-16T18:40:00.000000,216.30999755859375,1,false,
375,2024-09-16T18:45:00.000000,216.27499389648438,1,false,
376,2024-09-16T18:50:00.000000,216.1199951171875,1,false,
377,2024-09-16T18:55:00.000000,216.39999389648438,1,false,
378,2024-09-16T19:00:00.000000,216.3300018310547,1,false,
379,2024-09-16T19:05:00.000000,216.30999755859375,1,false,
380,2024-09-16T19:10:00.000000,216.1602020263672,1,false,
381,2024-09-16T19:15:00.000000,216.02499389648438,1,false,
382,2024-09-16T19:20:00.000000,216.09500122070312,1,false,
383,2024-09-16T19:25:00.000000,216.22500610351562,1,false,
384,2024-09-16T19:30:00.000000,216.47999572753906,1,false,
385,2024-09-16T19:35:00.000000,216.6199951171875,1,false,
386,2024-09-16T19:40:00.000000,216.52499389648438,1,false,
387,2024-09-16T19:45:00.000000,216.46499633789062,1,false,
388,2024-09-16T19:50:00.000000,216.4987030029297,1,false,
389,2024-09-16T19:55:00.000000,216.3000030517578,1,false,
390,2024-09-17T13:30:00.000000,214.7198944091797,1,false,
391,2024-09-17T13:35:00.000000,215.57000732421875,1,false,
392,2024-09-17T13:40:00.000000,216.0749969482422,1,false,
393,2024-09-17T13:45:00.000000,216.03199768066406,1,false,
394,2024-09-17T13:50:00.000000,215.66000366210938,1,false,
395,2024-09-17T13:55:00.000000,216.22000122070312,1,false,
396,2024-09-17T14:00:00.000000,216.38999938964844,1,false,
397,2024-09-17T14:05:00.000000,216.02999877929688,1,false,
398,2024-09-17T14:10:00.000000,215.9799041748047,1,false,
399,2024-09-17T14:15:00.000000,216.1300048828125,1,false,
400,2024-09-17T14:20:00.000000,215.9499969482422,1,false,
401,2024-09-17T14:25:00.000000,216.4199981689453,1,false,
402,2024-09-17T14:30:00.000000,216.37989807128906,1,false,
403,2024-09-17T14:35:00.000000,216.4199981689453,1,false,
404,2024-09-17T14:40:00.000000,216.47000122070312,1,false,
405,2024-09-17T14:45:00.000000,216.87399291992188,1,false,
406,2024-09-17T14:50:00.000000,216.5800018310547,1,false,
407,2024-09-17T14:55:00.000000,216.12989807128906,1,false,
408,2024-09-17T15:00:00.000000,216.0850067138672,1,false,
409,2024-09-17T15:05:00.000000,216.17999267578125,1,false,
410,2024-09-17T15:10:00.000000,216.2899932861328,1,false,
411,2024-09-17T15:15:00.000000,216.3800048828125,1,false,
412,2024-09-17T15:20:00.000000,216.26499938964844,1,false,
413,2024-09-17T15:25:00.000000,216.2050018310547,1,false,
414,2024-09-17T15:30:00.000000,216.25,1,false,
415,2024-09-17T15:35:00.000000,216.2550048828125,1,false,
416,2024-09-17T15:40:00.000000,216.37989807128906,1,false,
417,2024-09-17T15:45:00.000000,216.60000610351562,1,false,
418,2024-09-17T15:50:00.000000,216.61000061035156,1,false,
419,2024-09-17T15:55:00.000000,216.59010314941406,1,false,
420,2024-09-17T16:00:00.000000,216.3350067138672,1,false,
421,2024-09-17T16:05:00.000000,216.3800048828125,1,false,
422,2024-09-17T16:10:00.000000,216.2700958251953,1,false,
423,2024-09-17T16:15:00.000000,216.0399932861328,1,false,
424,2024-09-17T16:20:00.000000,215.75,1,false,
425,2024-09-17T16:25:00.000000,215.75999450683594,1,false,
426,2024-09-17T16:30:00.000000,215.9149932861328,1,false,
427,2024-09-17T16:35:00.000000,216.12269592285156,1,false,
428,2024-09-17T16:40:00.000000,216.00999450683594,1,false,
429,2024-09-17T16:45:00.000000,215.4199981689453,1,false,
430,2024-09-17T16:50:00.000000,215.57000732421875,1,false,
431,2024-09-17T16:55:00.000000,215.7949981689453,1,false,
432,2024-09-17T17:00:00.000000,215.9199981689453,1,false,
433,2024-09-17T17:05:00.000000,216.00999450683594,1,false,
434,2024-09-17T17:10:00.000000,215.97999572753906,1,false,
435,2024-09-17T17:15:00.000000,215.89419555664062,1,false,
436,2024-09-17T17:20:00.000000,216.0500030517578,1,false,
437,2024-09-17T17:25:00.000000,216.1699981689453,1,false,
438,2024-09-17T17:30:00.000000,215.86000061035156,1,false,
439,2024-09-17T17:35:00.000000,215.77999877929688,1,false,
440,2024-09-17T17:40:00.000000,215.3800048828125,1,false,
441,2024-09-17T17:45:00.000000,215.67559814453125,1,false,
442,2024-09-17T17:50:00.000000,216.06390380859375,1,false,
443,2024-09-17T17:55:00.000000,216.13009643554688,1,false,
444,2024-09-17T18:00:00.000000,216.21929931640625,1,false,
445,2024-09-17T18:05:00.000000,216.27389526367188,1,false,
446,2024-09-17T18:10:00.000000,216.1320037841797,1,false,
447,2024-09-17T18:15:00.000000,216.06500244140625,1,false,
448,2024-09-17T18:20:00.000000,216.27000427246094,1,false,
449,2024-09-17T18:25:00.000000,216.14999389648438,1,false,
450,2024-09-17T18:30:00.000000,216.12339782714844,1,false,
451,2024-09-17T18:35:00.000000,215.9705047607422,1,false,
452,2024-09-17T18:40:00.000000,215.9459991455078,1,false,
453,2024-09-17T18:45:00.000000,215.6300048828125,1,false,
454,2024-09-17T18:50:00.000000,215.71600341796875,1,false,
455,2024-09-17T18:55:00.000000,215.83999633789062,1,false,
456,2024-09-17T19:00:00.000000,215.7899932861328,1,false,
457,2024-09-17T19:05:00.000000,216.01019287109375,1,false,
458,2024-09-17T19:10:00.000000,216.23500061035156,1,false,
459,2024-09-17T19:15:00.000000,216.36000061035156,1,false,
460,2024-09-17T19:20:00.000000,216.16000366210938,1,false,
461,2024-09-17T19:25:00.000000,216.61000061035156,1,false,
462,2024-09-17T19:30:00.000000,216.47000122070312,1,false,
463,2024-09-17T19:35:00.000000,216.4199981689453,1,false,
464,2024-09-17T19:40:00.000000,216.4250030517578,1,false,
465,2024-09-17T19:45:00.000000,216.42999267578125,1,false,
466,2024-09-17T19:50:00.000000,216.6199951171875,1,false,
467,2024-09-17T19:55:00.000000,216.85000610351562,1,false,
468,2024-09-18T13:30:00.000000,218.50999450683594,2,true,false
469,2024-09-18T13:35:00.000000,218.99000549316406,2,true,true
470,2024-09-18T13:40:00.000000,219.07000732421875,2,true,true
471,2024-09-18T13:45:00.000000,218.79429626464844,2,true,true
472,2024-09-18T13:50:00.000000,219.1999969482422,2,true,true
473,2024-09-18T13:55:00.000000,219.1999969482422,2,true,true
474,2024-09-18T14:00:00.000000,219.39500427246094,2,true,true
475,2024-09-18T14:05:00.000000,219.63999938964844,2,true,true
476,2024-09-18T14:10:00.000000,219.91000366210938,2,true,true
477,2024-09-18T14:15:00.000000,219.67999267578125,2,true,true
478,2024-09-18T14:20:00.000000,219.72000122070312,2,true,true
479,2024-09-18T14:25:00.000000,220.73500061035156,2,true,true
480,2024-09-18T14:30:00.000000,220.67999267578125,2,true,true
481,2024-09-18T14:35:00.000000,221.2449951171875,2,true,true
482,2024-09-18T14:40:00.000000,221.5399932861328,2,true,true
483,2024-09-18T14:45:00.000000,221.24989318847656,2,true,true
484,2024-09-18T14:50:00.000000,221.32000732421875,2,true,true
485,2024-09-18T14:55:00.000000,220.92999267578125,2,true,true
486,2024-09-18T15:00:00.000000,221.24000549316406,2,true,true
487,2024-09-18T15:05:00.000000,221.17999267578125,2,true,true
488,2024-09-18T15:10:00.000000,220.91000366210938,2,true,true
489,2024-09-18T15:15:00.000000,220.6999969482422,2,true,true
490,2024-09-18T15:20:00.000000,220.3800048828125,2,true,true
491,2024-09-18T15:25:00.000000,220.6300048828125,2,true,true
492,2024-09-18T15:30:00.000000,220.07009887695312,2,true,true
493,2024-09-18T15:35:00.000000,220.00140380859375,2,true,true
494,2024-09-18T15:40:00.000000,219.83999633789062,2,true,true
495,2024-09-18T15:45:00.000000,219.7736053466797,2,false,true
496,2024-09-18T15:50:00.000000,219.8159942626953,2,false,true
497,2024-09-18T15:55:00.000000,219.6114959716797,2,false,true
498,2024-09-18T16:00:00.000000,219.6999969482422,2,false,true
499,2024-09-18T16:05:00.000000,219.97000122070312,2,true,true
500,2024-09-18T16:10:00.000000,220.32000732421875,2,true,true
501,2024-09-18T16:15:00.000000,220.35000610351562,2,true,true
502,2024-09-18T16:20:00.000000,220.6300048828125,2,true,true
503,2024-09-18T16:25:00.000000,220.80999755859375,2,true,true
504,2024-09-18T16:30:00.000000,220.77000427246094,2,true,true
505,2024-09-18T16:35:00.000000,220.89999389648438,2,true,true
506,2024-09-18T16:40:00.000000,220.8000030517578,2,true,true
507,2024-09-18T16:45:00.000000,221.0399932861328,2,true,true
508,2024-09-18T16:50:00.000000,221.11000061035156,2,true,true
509,2024-09-18T16:55:00.000000,221.28500366210938,2,true,true
510,2024-09-18T17:00:00.000000,221.12950134277344,2,true,true
511,2024-09-18T17:05:00.000000,221.00999450683594,2,true,true
512,2024-09-18T17:10:00.000000,221.00999450683594,2,true,true
513,2024-09-18T17:15:00.000000,221.2449951171875,2,true,true
514,2024-09-18T17:20:00.000000,221.0998992919922,2,true,true
515,2024-09-18T17:25:00.000000,221.21009826660156,2,true,true
516,2024-09-18T17:30:00.000000,221.2779998779297,2,true,true
517,2024-09-18T17:35:00.000000,220.84500122070312,2,true,true
518,2024-09-18T17:40:00.000000,220.88999938964844,2,true,true
519,2024-09-18T17:45:00.000000,220.57000732421875,2,true,true
520,2024-09-18T17:50:00.000000,220.6999969482422,2,true,true
521,2024-09-18T17:55:00.000000,220.6815948486328,2,true,true
522,2024-09-18T18:00:00.000000,221.3000030517578,2,true,true
523,2024-09-18T18:05:00.000000,220.95989990234375,2,true,true
524,2024-09-18T18:10:00.000000,221.08999633789062,2,true,true
525,2024-09-18T18:15:00.000000,221.8699951171875,2,true,true
526,2024-09-18T18:20:00.000000,221.63999938964844,2,true,true
527,2024-09-18T18:25:00.000000,221.4073028564453,2,true,true
528,2024-09-18T18:30:00.000000,221.67999267578125,2,true,true
529,2024-09-18T18:35:00.000000,220.2899932861328,2,true,true
530,2024-09-18T18:40:00.000000,220.31500244140625,2,true,true
531,2024-09-18T18:45:00.000000,220.91000366210938,2,true,true
532,2024-09-18T18:50:00.000000,220.75999450683594,2,true,true
533,2024-09-18T18:55:00.000000,220.0500946044922,2,true,true
534,2024-09-18T19:00:00.000000,219.6385040283203,2,true,true
535,2024-09-18T19:05:00.000000,219.17999267578125,2,true,true
536,2024-09-18T19:10:00.000000,220.39999389648438,2,true,true
537,2024-09-18T19:15:00.000000,220.4499969482422,2,true,true
538,2024-09-18T19:20:00.000000,220.5850067138672,2,true,true
539,2024-09-18T19:25:00.000000,221.5,2,true,true
540,2024-09-18T19:30:00.000000,221.24000549316406,2,true,true
541,2024-09-18T19:35:00.000000,221.33999633789062,2,true,true
542,2024-09-18T19:40:00.000000,220.8000030517578,2,true,true
543,2024-09-18T19:45:00.000000,220.3000030517578,2,true,true
544,2024-09-18T19:50:00.000000,220.50999450683594,2,true,true
545,2024-09-18T19:55:00.000000,220.69000244140625,2,true,true
546,2024-09-19T13:30:00.000000,225.9499969482422,3,true,false
547,2024-09-19T13:35:00.000000,226.41000366210938,3,true,true
548,2024-09-19T13:40:00.000000,226.80999755859375,3,true,true
549,2024-09-19T13:45:00.000000,227.0,3,true,true
550,2024-09-19T13:50:00.000000,227.0399932861328,3,true,true
551,2024-09-19T13:55:00.000000,227.30999755859375,3,true,true
552,2024-09-19T14:00:00.000000,228.1300048828125,3,true,true
553,2024-09-19T14:05:00.000000,228.1300048828125,3,true,true
554,2024-09-19T14:10:00.000000,228.7100067138672,3,true,true
555,2024-09-19T14:15:00.000000,228.4499969482422,3,true,true
556,2024-09-19T14:20:00.000000,229.0449981689453,3,true,true
557,2024-09-19T14:25:00.000000,229.4949951171875,3,true,true
558,2024-09-19T14:30:00.000000,229.52000427246094,3,true,true
559,2024-09-19T14:35:00.000000,229.24000549316406,3,true,true
560,2024-09-19T14:40:00.000000,228.9600067138672,3,true,true
561,2024-09-19T14:45:00.000000,228.82000732421875,3,true,true
562,2024-09-19T14:50:00.000000,228.36000061035156,3,true,true
563,2024-09-19T14:55:00.000000,227.94020080566406,3,true,true
564,2024-09-19T15:00:00.000000,227.9250030517578,3,true,true
565,2024-09-19T15:05:00.000000,227.98410034179688,3,true,true
566,2024-09-19T15:10:00.000000,228.23500061035156,3,true,true
567,2024-09-19T15:15:00.000000,228.4698944091797,3,true,true
568,2024-09-19T15:20:00.000000,228.64999389648438,3,true,true
569,2024-09-19T15:25:00.000000,228.49000549316406,3,true,true
570,2024-09-19T15:30:00.000000,228.20010375976562,3,true,true
571,2024-09-19T15:35:00.000000,228.71539306640625,3,true,true
572,2024-09-19T15:40:00.000000,228.52000427246094,3,true,true
573,2024-09-19T15:45:00.000000,228.70989990234375,3,true,true
574,2024-09-19T15:50:00.000000,228.47999572753906,3,true,true
575,2024-09-19T15:55:00.000000,228.3699951171875,3,true,true
576,2024-09-19T16:00:00.000000,228.8780059814453,3,true,true
577,2024-09-19T16:05:00.000000,228.97500610351562,3,true,true
578,2024-09-19T16:10:00.000000,228.72999572753906,3,true,true
579,2024-09-19T16:15:00.000000,229.02000427246094,3,true,true
580,2024-09-19T16:20:00.000000,229.0,3,true,true
581,2024-09-19T16:25:00.000000,228.9949951171875,3,true,true
582,2024-09-19T16:30:00.000000,228.9626007080078,3,true,true
583,2024-09-19T16:35:00.000000,229.03500366210938,3,true,true
584,2024-09-19T16:40:00.000000,229.0500030517578,3,true,true
585,2024-09-19T16:45:00.000000,229.18499755859375,3,true,true
586,2024-09-19T16:50:00.000000,229.29969787597656,3,true,true
587,2024-09-19T16:55:00.000000,229.17999267578125,3,true,true
588,2024-09-19T17:00:00.000000,229.17340087890625,3,true,true
589,2024-09-19T17:05:00.000000,229.22000122070312,3,true,true
590,2024-09-19T17:10:00.000000,228.97000122070312,3,true,true
591,2024-09-19T17:15:00.000000,229.09500122070312,3,true,true
592,2024-09-19T17:20:00.000000,228.9738006591797,3,true,true
593,2024-09-19T17:25:00.000000,229.17010498046875,3,true,true
594,2024-09-19T17:30:00.000000,229.13999938964844,3,true,true
595,2024-09-19T17:35:00.000000,229.14999389648438,3,true,true
596,2024-09-19T17:40:00.000000,229.19500732421875,3,true,true
597,2024-09-19T17:45:00.000000,229.343994140625,3,true,true
598,2024-09-19T17:50:00.000000,229.3699951171875,3,true,true
599,2024-09-19T17:55:00.000000,229.3800048828125,3,true,true
600,2024-09-19T18:00:00.000000,229.39999389648438,3,true,true
601,2024-09-19T18:05:00.000000,229.30999755859375,3,true,true
602,2024-09-19T18:10:00.000000,229.07960510253906,3,true,true
603,2024-09-19T18:15:00.000000,228.75999450683594,3,true,true
604,2024-09-19T18:20:00.000000,228.69590759277344,3,true,true
605,2024-09-19T18:25:00.000000,228.8699951171875,3,true,true
606,2024-09-19T18:30:00.000000,228.93429565429688,3,true,true
607,2024-09-19T18:35:00.000000,229.0449981689453,3,true,true
608,2024-09-19T18:40:00.000000,228.97999572753906,3,true,true
609,2024-09-19T18:45:00.000000,228.9199981689453,3,true,true
610,2024-09-19T18:50:00.000000,229.00999450683594,3,true,true
611,2024-09-19T18:55:00.000000,229.32000732421875,3,true,true
612,2024-09-19T19:00:00.000000,229.3699951171875,3,true,true
613,2024-09-19T19:05:00.000000,229.1999969482422,3,true,true
614,2024-09-19T19:10:00.000000,229.197998046875,3,true,true
615,2024-09-19T19:15:00.000000,229.05999755859375,3,true,true
616,2024-09-19T19:20:00.000000,229.44949340820312,3,true,true
617,2024-09-19T19:25:00.000000,229.46719360351562,3,true,true
618,2024-09-19T19:30:00.000000,229.40029907226562,3,true,true
619,2024-09-19T19:35:00.000000,229.4600067138672,3,true,true
620,2024-09-19T19:40:00.000000,229.1649932861328,3,true,true
621,2024-09-19T19:45:00.000000,229.3300018310547,3,true,true
622,2024-09-19T19:50:00.000000,229.21400451660156,3,true,true
623,2024-09-19T19:55:00.000000,228.82000732421875,3,true,true
624,2024-09-20T13:30:00.000000,230.9700927734375,4,true,false
625,2024-09-20T13:35:00.000000,230.52999877929688,4,true,false
626,2024-09-20T13:40:00.000000,229.65499877929688,4,true,false
627,2024-09-20T13:45:00.000000,229.94200134277344,4,true,false
628,2024-09-20T13:50:00.000000,230.02000427246094,4,true,false
629,2024-09-20T13:55:00.000000,230.0,4,true,false
630,2024-09-20T14:00:00.000000,230.0399932861328,4,true,false
631,2024-09-20T14:05:00.000000,230.13009643554688,4,true,false
632,2024-09-20T14:10:00.000000,229.80999755859375,4,true,false
633,2024-09-20T14:15:00.000000,229.72000122070312,4,true,false
634,2024-09-20T14:20:00.000000,229.80999755859375,4,true,false
635,2024-09-20T14:25:00.000000,230.0345001220703,4,true,false
636,2024-09-20T14:30:00.000000,230.19009399414062,4,true,false
637,2024-09-20T14:35:00.000000,230.47500610351562,4,true,false
638,2024-09-20T14:40:00.000000,230.50399780273438,4,true,false
639,2024-09-20T14:45:00.000000,230.35000610351562,4,true,false
640,2024-09-20T14:50:00.000000,229.91000366210938,4,true,false
641,2024-09-20T14:55:00.000000,230.30499267578125,4,true,false
642,2024-09-20T15:00:00.000000,230.1999969482422,4,true,false
643,2024-09-20T15:05:00.000000,230.41000366210938,4,true,false
644,2024-09-20T15:10:00.000000,229.63999938964844,4,true,false
645,2024-09-20T15:15:00.000000,229.27999877929688,4,true,false
646,2024-09-20T15:20:00.000000,229.9727020263672,4,true,false
647,2024-09-20T15:25:00.000000,229.77000427246094,4,true,false
648,2024-09-20T15:30:00.000000,230.3800048828125,4,true,false
649,2024-09-20T15:35:00.000000,230.49000549316406,4,true,false
650,2024-09-20T15:40:00.000000,230.625,4,true,false
651,2024-09-20T15:45:00.000000,230.931396484375,4,true,false
652,2024-09-20T15:50:00.000000,230.6999969482422,4,true,false
653,2024-09-20T15:55:00.000000,230.80999755859375,4,true,false
654,2024-09-20T16:00:00.000000,231.16000366210938,4,true,false
655,2024-09-20T16:05:00.000000,231.35000610351562,4,true,false
656,2024-09-20T16:10:00.000000,231.343994140625,4,true,false
657,2024-09-20T16:15:00.000000,231.38999938964844,4,true,true
658,2024-09-20T16:20:00.000000,231.46499633789062,4,true,true
659,2024-09-20T16:25:00.000000,231.72999572753906,4,true,true
660,2024-09-20T16:30:00.000000,231.6114044189453,4,true,true
661,2024-09-20T16:35:00.000000,231.6750030517578,4,true,true
662,2024-09-20T16:40:00.000000,231.52999877929688,4,true,true
663,2024-09-20T16:45:00.000000,231.8199005126953,4,true,true
664,2024-09-20T16:50:00.000000,231.63890075683594,4,true,true
665,2024-09-20T16:55:00.000000,231.84500122070312,4,true,true
666,2024-09-20T17:00:00.000000,231.48500061035156,4,true,true
667,2024-09-20T17:05:00.000000,231.6750030517578,4,true,true
668,2024-09-20T17:10:00.000000,231.67100524902344,4,true,true
669,2024-09-20T17:15:00.000000,231.33999633789062,4,true,false
670,2024-09-20T17:20:00.000000,230.66000366210938,4,true,false
671,2024-09-20T17:25:00.000000,230.75,4,true,false
672,2024-09-20T17:30:00.000000,231.16400146484375,4,true,false
673,2024-09-20T17:35:00.000000,231.24270629882812,4,true,false
674,2024-09-20T17:40:00.000000,230.6649932861328,4,true,false
675,2024-09-20T17:45:00.000000,230.875,4,true,false
676,2024-09-20T17:50:00.000000,230.80499267578125,4,true,false
677,2024-09-20T17:55:00.000000,230.6649932861328,4,true,false
678,2024-09-20T18:00:00.000000,230.0800018310547,4,true,false
679,2024-09-20T18:05:00.000000,230.27999877929688,4,true,false
680,2024-09-20T18:10:00.000000,230.0800018310547,4,true,false
681,2024-09-20T18:15:00.000000,229.75999450683594,4,false,false
682,2024-09-20T18:20:00.000000,229.6800994873047,4,false,false
683,2024-09-20T18:25:00.000000,229.77720642089844,4,false,false
684,2024-09-20T18:30:00.000000,229.53500366210938,4,true,false
685,2024-09-20T18:35:00.000000,230.07000732421875,4,true,false
686,2024-09-20T18:40:00.000000,229.96099853515625,4,true,false
687,2024-09-20T18:45:00.000000,230.58999633789062,4,true,false
688,2024-09-20T18:50:00.000000,231.28500366210938,4,true,false
689,2024-09-20T18:55:00.000000,231.47999572753906,4,true,true
690,2024-09-20T19:00:00.000000,231.55880737304688,4,true,true
691,2024-09-20T19:05:00.000000,231.38009643554688,4,true,true
692,2024-09-20T19:10:00.000000,231.44500732421875,4,true,true
693,2024-09-20T19:15:00.000000,231.49000549316406,4,true,true
694,2024-09-20T19:20:00.000000,231.83999633789062,4,true,true
695,2024-09-20T19:25:00.000000,231.97500610351562,4,true,true
696,2024-09-20T19:30:00.000000,232.23280334472656,4,true,true
697,2024-09-20T19:35:00.000000,232.8300018310547,4,true,true
698,2024-09-20T19:40:00.000000,232.91000366210938,4,true,true
699,2024-09-20T19:45:00.000000,232.75999450683594,4,true,true
700,2024-09-20T19:50:00.000000,232.0050048828125,4,true,true
701,2024-09-20T19:55:00.000000,228.52999877929688,4,true,false
702,2024-09-23T13:30:00.000000,226.69000244140625,5,false,false
703,2024-09-23T13:35:00.000000,227.77000427246094,5,false,false
704,2024-09-23T13:40:00.000000,227.30499267578125,5,false,false
705,2024-09-23T13:45:00.000000,227.72999572753906,5,false,false
706,2024-09-23T13:50:00.000000,227.25999450683594,5,false,false
707,2024-09-23T13:55:00.000000,226.93499755859375,5,false,false
708,2024-09-23T14:00:00.000000,226.4499969482422,5,false,false
709,2024-09-23T14:05:00.000000,226.41000366210938,5,false,false
710,2024-09-23T14:10:00.000000,226.5,5,false,false
711,2024-09-23T14:15:00.000000,227.31500244140625,5,false,false
712,2024-09-23T14:20:00.000000,227.92950439453125,5,false,false
713,2024-09-23T14:25:00.000000,228.00999450683594,5,false,false
714,2024-09-23T14:30:00.000000,227.77999877929688,5,false,false
715,2024-09-23T14:35:00.000000,227.7899932861328,5,false,false
716,2024-09-23T14:40:00.000000,228.3094940185547,5,false,false
717,2024-09-23T14:45:00.000000,228.97999572753906,5,true,false
718,2024-09-23T14:50:00.000000,229.21730041503906,5,true,false
719,2024-09-23T14:55:00.000000,228.7050018310547,5,false,false
720,2024-09-23T15:00:00.000000,228.70799255371094,5,false,false
721,2024-09-23T15:05:00.000000,228.81509399414062,5,false,false
722,2024-09-23T15:10:00.000000,228.6699981689453,5,false,false
723,2024-09-23T15:15:00.000000,228.3699951171875,5,false,false
724,2024-09-23T15:20:00.000000,228.55999755859375,5,false,false
725,2024-09-23T15:25:00.000000,228.6533966064453,5,false,false
726,2024-09-23T15:30:00.000000,228.75999450683594,5,false,false
727,2024-09-23T15:35:00.000000,228.5,5,false,false
728,2024-09-23T15:40:00.000000,228.27999877929688,5,false,false
729,2024-09-23T15:45:00.000000,228.14999389648438,5,false,false
730,2024-09-23T15:50:00.000000,228.33999633789062,5,false,false
731,2024-09-23T15:55:00.000000,228.33999633789062,5,false,false
732,2024-09-23T16:00:00.000000,228.07000732421875,5,false,false
733,2024-09-23T16:05:00.000000,227.88999938964844,5,false,false
734,2024-09-23T16:10:00.000000,227.5126953125,5,false,false
735,2024-09-23T16:15:00.000000,227.2698974609375,5,false,false
736,2024-09-23T16:20:00.000000,227.1999969482422,5,false,false
737,2024-09-23T16:25:00.000000,226.94000244140625,5,false,false
738,2024-09-23T16:30:00.000000,227.341796875,5,false,false
739,2024-09-23T16:35:00.000000,226.94940185546875,5,false,false
740,2024-09-23T16:40:00.000000,226.88999938964844,5,false,false
741,2024-09-23T16:45:00.000000,226.95899963378906,5,false,false
742,2024-09-23T16:50:00.000000,226.9678955078125,5,false,false
743,2024-09-23T16:55:00.000000,226.760498046875,5,false,false
744,2024-09-23T17:00:00.000000,227.02000427246094,5,false,false
745,2024-09-23T17:05:00.000000,226.99000549316406,5,false,false
746,2024-09-23T17:10:00.000000,226.86000061035156,5,false,false
747,2024-09-23T17:15:00.000000,226.97500610351562,5,false,false
748,2024-09-23T17:20:00.000000,226.7100067138672,5,false,false
749,2024-09-23T17:25:00.000000,226.74000549316406,5,false,false
750,2024-09-23T17:30:00.000000,226.92999267578125,5,false,false
751,2024-09-23T17:35:00.000000,226.57000732421875,5,false,false
752,2024-09-23T17:40:00.000000,226.55999755859375,5,false,false
753,2024-09-23T17:45:00.000000,226.72999572753906,5,false,false
754,2024-09-23T17:50:00.000000,227.0749969482422,5,false,false
755,2024-09-23T17:55:00.000000,227.10000610351562,5,false,false
756,2024-09-23T18:00:00.000000,226.94000244140625,5,false,false
757,2024-09-23T18:05:00.000000,226.99000549316406,5,false,false
758,2024-09-23T18:10:00.000000,226.76800537109375,5,false,false
759,2024-09-23T18:15:00.000000,226.77999877929688,5,false,false
760,2024-09-23T18:20:00.000000,226.82989501953125,5,false,false
761,2024-09-23T18:25:00.000000,226.67999267578125,5,false,false
762,2024-09-23T18:30:00.000000,226.69000244140625,5,false,false
763,2024-09-23T18:35:00.000000,226.71029663085938,5,false,false
764,2024-09-23T18:40:00.000000,226.61129760742188,5,false,false
765,2024-09-23T18:45:00.000000,226.61000061035156,5,false,false
766,2024-09-23T18:50:00.000000,226.6699981689453,5,false,false
767,2024-09-23T18:55:00.000000,226.67999267578125,5,false,false
768,2024-09-23T19:00:00.000000,226.61000061035156,5,false,false
769,2024-09-23T19:05:00.000000,226.3531036376953,5,false,false
770,2024-09-23T19:10:00.000000,226.00999450683594,5,false,false
771,2024-09-23T19:15:00.000000,226.2899932861328,5,false,false
772,2024-09-23T19:20:00.000000,226.16000366210938,5,false,false
773,2024-09-23T19:25:00.000000,226.2899932861328,5,false,false
774,2024-09-23T19:30:00.000000,226.49000549316406,5,false,false
775,2024-09-23T19:35:00.000000,226.39999389648438,5,false,false
776,2024-09-23T19:40:00.000000,225.99000549316406,5,false,false
777,2024-09-23T19:45:00.000000,226.19639587402344,5,false,false
778,2024-09-23T19:50:00.000000,226.1300048828125,5,false,false
779,2024-09-23T19:55:00.000000,226.4499969482422,5,false,false
780,2024-09-24T13:30:00.000000,227.85000610351562,5,false,
781,2024-09-24T13:35:00.000000,228.06500244140625,5,false,
782,2024-09-24T13:40:00.000000,227.3300018310547,5,false,
783,2024-09-24T13:45:00.000000,227.3300018310547,5,false,
784,2024-09-24T13:50:00.000000,227.48500061035156,5,false,
785,2024-09-24T13:55:00.000000,227.41000366210938,5,false,
786,2024-09-24T14:00:00.000000,226.9600067138672,5,false,
787,2024-09-24T14:05:00.000000,226.64999389648438,5,false,
788,2024-09-24T14:10:00.000000,226.47999572753906,5,false,
789,2024-09-24T14:15:00.000000,226.35000610351562,5,false,
790,2024-09-24T14:20:00.000000,226.32260131835938,5,false,
791,2024-09-24T14:25:00.000000,226.07000732421875,5,false,
792,2024-09-24T14:30:00.000000,226.2198944091797,5,false,
793,2024-09-24T14:35:00.000000,225.8939971923828,5,false,
794,2024-09-24T14:40:00.000000,225.9949951171875,5,false,
795,2024-09-24T14:45:00.000000,226.42039489746094,5,false,
796,2024-09-24T14:50:00.000000,226.92999267578125,5,false,
797,2024-09-24T14:55:00.000000,227.18499755859375,5,false,
798,2024-09-24T15:00:00.000000,227.30999755859375,5,false,
799,2024-09-24T15:05:00.000000,227.24000549316406,5,false,
800,2024-09-24T15:10:00.000000,227.3699951171875,5,false,
801,2024-09-24T15:15:00.000000,227.14999389648438,5,false,
802,2024-09-24T15:20:00.000000,227.11500549316406,5,false,
803,2024-09-24T15:25:00.000000,227.01210021972656,5,false,
804,2024-09-24T15:30:00.000000,226.91000366210938,5,false,
805,2024-09-24T15:35:00.000000,226.86500549316406,5,false,
806,2024-09-24T15:40:00.000000,226.85629272460938,5,false,
807,2024-09-24T15:45:00.000000,227.14830017089844,5,false,
808,2024-09-24T15:50:00.000000,227.5399932861328,5,false,
809,2024-09-24T15:55:00.000000,227.4499969482422,5,false,
810,2024-09-24T16:00:00.000000,227.63999938964844,5,false,
811,2024-09-24T16:05:00.000000,227.625,5,false,
812,2024-09-24T16:10:00.000000,227.72000122070312,5,false,
813,2024-09-24T16:15:00.000000,227.5800018310547,5,false,
814,2024-09-24T16:20:00.000000,227.64010620117188,5,false,
815,2024-09-24T16:25:00.000000,227.5500030517578,5,false,
816,2024-09-24T16:30:00.000000,227.61019897460938,5,false,
817,2024-09-24T16:35:00.000000,227.5596923828125,5,false,
818,2024-09-24T16:40:00.000000,227.43719482421875,5,false,
819,2024-09-24T16:45:00.000000,227.35989379882812,5,false,
820,2024-09-24T16:50:00.000000,227.0850067138672,5,false,
821,2024-09-24T16:55:00.000000,227.0,5,false,
822,2024-09-24T17:00:00.000000,227.02000427246094,5,false,
823,2024-09-24T17:05:00.000000,226.86599731445312,5,false,
824,2024-09-24T17:10:00.000000,227.0800018310547,5,false,
825,2024-09-24T17:15:00.000000,227.2519989013672,5,false,
826,2024-09-24T17:20:00.000000,227.13999938964844,5,false,
827,2024-09-24T17:25:00.000000,227.24000549316406,5,false,
828,2024-09-24T17:30:00.000000,227.21510314941406,5,false,
829,2024-09-24T17:35:00.000000,227.3686981201172,5,false,
830,2024-09-24T17:40:00.000000,227.29800415039062,5,false,
831,2024-09-24T17:45:00.000000,227.25999450683594,5,false,
832,2024-09-24T17:50:00.000000,227.31500244140625,5,false,
833,2024-09-24T17:55:00.000000,227.2899932861328,5,false,
834,2024-09-24T18:00:00.000000,227.2899932861328,5,false,
835,2024-09-24T18:05:00.000000,227.2100067138672,5,false,
836,2024-09-24T18:10:00.000000,227.14500427246094,5,false,
837,2024-09-24T18:15:00.000000,227.08999633789062,5,false,
838,2024-09-24T18:20:00.000000,226.97999572753906,5,false,
839,2024-09-24T18:25:00.000000,226.8791046142578,5,false,
840,2024-09-24T18:30:00.000000,226.889892578125,5,false,
841,2024-09-24T18:35:00.000000,227.02999877929688,5,false,
842,2024-09-24T18:40:00.000000,226.92999267578125,5,false,
843,2024-09-24T18:45:00.000000,226.82000732421875,5,false,
844,2024-09-24T18:50:00.000000,226.97000122070312,5,false,
845,2024-09-24T18:55:00.000000,226.8699951171875,5,false,
846,2024-09-24T19:00:00.000000,226.91650390625,5,false,
847,2024-09-24T19:05:00.000000,226.92999267578125,5,false,
848,2024-09-24T19:10:00.000000,226.89500427246094,5,false,
849,2024-09-24T19:15:00.000000,226.9405975341797,5,false,
850,2024-09-24T19:20:00.000000,226.97000122070312,5,false,
851,2024-09-24T19:25:00.000000,227.0260009765625,5,false,
852,2024-09-24T19:30:00.000000,227.07000732421875,5,false,
853,2024-09-24T19:35:00.000000,227.1300048828125,5,false,
854,2024-09-24T19:40:00.000000,227.05999755859375,5,false,
855,2024-09-24T19:45:00.000000,226.8800048828125,5,false,
856,2024-09-24T19:50:00.000000,226.39999389648438,5,false,
857,2024-09-24T19:55:00.000000,227.36000061035156,5,false,
858,2024-09-25T13:30:00.000000,225.22909545898438,6,false,false
859,2024-09-25T13:35:00.000000,225.9980926513672,6,false,false
860,2024-09-25T13:40:00.000000,225.57000732421875,6,false,false
861,2024-09-25T13:45:00.000000,225.95799255371094,6,false,false
862,2024-09-25T13:50:00.000000,226.74000549316406,6,false,false
863,2024-09-25T13:55:00.000000,226.88999938964844,6,true,false
864,2024-09-25T14:00:00.000000,226.77999877929688,6,true,false
865,2024-09-25T14:05:00.000000,227.20399475097656,6,true,true
866,2024-09-25T14:10:00.000000,227.1300048828125,6,true,false
867,2024-09-25T14:15:00.000000,226.8699951171875,6,true,false
868,2024-09-25T14:20:00.000000,226.50999450683594,6,false,false
869,2024-09-25T14:25:00.000000,226.38499450683594,6,false,false
870,2024-09-25T14:30:00.000000,226.36500549316406,6,false,false
871,2024-09-25T14:35:00.000000,226.42999267578125,6,false,false
872,2024-09-25T14:40:00.000000,226.39999389648438,6,false,false
873,2024-09-25T14:45:00.000000,226.3800048828125,6,false,false
874,2024-09-25T14:50:00.000000,226.57000732421875,6,false,false
875,2024-09-25T14:55:00.000000,226.37100219726562,6,false,false
876,2024-09-25T15:00:00.000000,226.46499633789062,6,false,false
877,2024-09-25T15:05:00.000000,226.54100036621094,6,false,false
878,2024-09-25T15:10:00.000000,226.11109924316406,6,false,false
879,2024-09-25T15:15:00.000000,226.0,6,false,false
880,2024-09-25T15:20:00.000000,225.5500030517578,6,false,false
881,2024-09-25T15:25:00.000000,225.4499969482422,6,false,false
882,2024-09-25T15:30:00.000000,225.51829528808594,6,false,false
883,2024-09-25T15:35:00.000000,225.7700958251953,6,false,false
884,2024-09-25T15:40:00.000000,225.76400756835938,6,false,false
885,2024-09-25T15:45:00.000000,225.6699981689453,6,false,false
886,2024-09-25T15:50:00.000000,225.44000244140625,6,false,false
887,2024-09-25T15:55:00.000000,225.50999450683594,6,false,false
888,2024-09-25T16:00:00.000000,225.58999633789062,6,false,false
889,2024-09-25T16:05:00.000000,225.5850067138672,6,false,false
890,2024-09-25T16:10:00.000000,225.50010681152344,6,false,false
891,2024-09-25T16:15:00.000000,225.69000244140625,6,false,false
892,2024-09-25T16:20:00.000000,225.9199981689453,6,false,false
893,2024-09-25T16:25:00.000000,225.87010192871094,6,false,false
894,2024-09-25T16:30:00.000000,225.9886932373047,6,false,false
895,2024-09-25T16:35:00.000000,225.78500366210938,6,false,false
896,2024-09-25T16:40:00.000000,225.69500732421875,6,false,false
897,2024-09-25T16:45:00.000000,225.64500427246094,6,false,false
898,2024-09-25T16:50:00.000000,225.85000610351562,6,false,false
899,2024-09-25T16:55:00.000000,225.79989624023438,6,false,false
900,2024-09-25T17:00:00.000000,225.65989685058594,6,false,false
901,2024-09-25T17:05:00.000000,225.6300048828125,6,false,false
902,2024-09-25T17:10:00.000000,225.4199981689453,6,false,false
903,2024-09-25T17:15:00.000000,225.54989624023438,6,false,false
904,2024-09-25T17:20:00.000000,225.5850067138672,6,false,false
905,2024-09-25T17:25:00.000000,225.36000061035156,6,false,false
906,2024-09-25T17:30:00.000000,225.23880004882812,6,false,false
907,2024-09-25T17:35:00.000000,225.22999572753906,6,false,false
908,2024-09-25T17:40:00.000000,225.11000061035156,6,false,false
909,2024-09-25T17:45:00.000000,224.88999938964844,6,false,false
910,2024-09-25T17:50:00.000000,225.02999877929688,6,false,false
911,2024-09-25T17:55:00.000000,224.9600067138672,6,false,false
912,2024-09-25T18:00:00.000000,224.75999450683594,6,false,false
913,2024-09-25T18:05:00.000000,224.50999450683594,6,false,false
914,2024-09-25T18:10:00.000000,224.14999389648438,6,false,false
915,2024-09-25T18:15:00.000000,224.28500366210938,6,false,false
916,2024-09-25T18:20:00.000000,224.3300018310547,6,false,false
917,2024-09-25T18:25:00.000000,224.89999389648438,6,false,false
918,2024-09-25T18:30:00.000000,224.85000610351562,6,false,false
919,2024-09-25T18:35:00.000000,224.82000732421875,6,false,false
920,2024-09-25T18:40:00.000000,224.96499633789062,6,false,false
921,2024-09-25T18:45:00.000000,224.9801025390625,6,false,false
922,2024-09-25T18:50:00.000000,225.02239990234375,6,false,false
923,2024-09-25T18:55:00.000000,224.9355010986328,6,false,false
924,2024-09-25T19:00:00.000000,225.08689880371094,6,false,false
925,2024-09-25T19:05:00.000000,224.97000122070312,6,false,false
926,2024-09-25T19:10:00.000000,225.0749969482422,6,false,false
927,2024-09-25T19:15:00.000000,225.08999633789062,6,false,false
928,2024-09-25T19:20:00.000000,225.22000122070312,6,false,false
929,2024-09-25T19:25:00.000000,225.25990295410156,6,false,false
930,2024-09-25T19:30:00.000000,225.36500549316406,6,false,false
931,2024-09-25T19:35:00.000000,225.34939575195312,6,false,false
932,2024-09-25T19:40:00.000000,225.3249969482422,6,false,false
933,2024-09-25T19:45:00.000000,225.36000061035156,6,false,false
934,2024-09-25T19:50:00.000000,225.94500732421875,6,false,false
935,2024-09-25T19:55:00.000000,226.30999755859375,6,false,false
936,2024-09-26T13:30:00.000000,226.6199951171875,7,true,false
937,2024-09-26T13:35:00.000000,226.2698974609375,7,false,false
938,2024-09-26T13:40:00.000000,225.9499969482422,7,false,false
939,2024-09-26T13:45:00.000000,226.23989868164062,7,false,false
940,2024-09-26T13:50:00.000000,226.38499450683594,7,false,false
941,2024-09-26T13:55:00.000000,226.52000427246094,7,false,false
942,2024-09-26T14:00:00.000000,226.89999389648438,7,true,true
943,2024-09-26T14:05:00.000000,226.66000366210938,7,true,false
944,2024-09-26T14:10:00.000000,226.63999938964844,7,true,false
945,2024-09-26T14:15:00.000000,226.60000610351562,7,true,false
946,2024-09-26T14:20:00.000000,227.05999755859375,7,true,true
947,2024-09-26T14:25:00.000000,226.89999389648438,7,true,true
948,2024-09-26T14:30:00.000000,227.07000732421875,7,true,true
949,2024-09-26T14:35:00.000000,227.83999633789062,7,true,true
950,2024-09-26T14:40:00.000000,228.00660705566406,7,true,true
951,2024-09-26T14:45:00.000000,227.85000610351562,7,true,true
952,2024-09-26T14:50:00.000000,227.6699981689453,7,true,true
953,2024-09-26T14:55:00.000000,227.16000366210938,7,true,true
954,2024-09-26T15:00:00.000000,227.57000732421875,7,true,true
955,2024-09-26T15:05:00.000000,227.68800354003906,7,true,true
956,2024-09-26T15:10:00.000000,227.14999389648438,7,true,true
957,2024-09-26T15:15:00.000000,226.9499969482422,7,true,true
958,2024-09-26T15:20:00.000000,227.16000366210938,7,true,true
959,2024-09-26T15:25:00.000000,227.3896942138672,7,true,true
960,2024-09-26T15:30:00.000000,226.73599243164062,7,true,false
961,2024-09-26T15:35:00.000000,226.9199981689453,7,true,true
962,2024-09-26T15:40:00.000000,227.38999938964844,7,true,true
963,2024-09-26T15:45:00.000000,227.2100067138672,7,true,true
964,2024-09-26T15:50:00.000000,227.6300048828125,7,true,true
965,2024-09-26T15:55:00.000000,227.6999969482422,7,true,true
966,2024-09-26T16:00:00.000000,227.29989624023438,7,true,true
967,2024-09-26T16:05:00.000000,227.331298828125,7,true,true
968,2024-09-26T16:10:00.000000,227.1199951171875,7,true,true
969,2024-09-26T16:15:00.000000,227.17010498046875,7,true,true
970,2024-09-26T16:20:00.000000,227.1699981689453,7,true,true
971,2024-09-26T16:25:00.000000,227.30999755859375,7,true,true
972,2024-09-26T16:30:00.000000,227.19500732421875,7,true,true
973,2024-09-26T16:35:00.000000,227.3000030517578,7,true,true
974,2024-09-26T16:40:00.000000,227.32000732421875,7,true,true
975,2024-09-26T16:45:00.000000,227.24000549316406,7,true,true
976,2024-09-26T16:50:00.000000,227.2064971923828,7,true,true
977,2024-09-26T16:55:00.000000,227.25669860839844,7,true,true
978,2024-09-26T17:00:00.000000,227.15390014648438,7,true,true
979,2024-09-26T17:05:00.000000,227.08999633789062,7,false,true
980,2024-09-26T17:10:00.000000,226.9499969482422,7,true,true
981,2024-09-26T17:15:00.000000,226.80999755859375,7,false,false
982,2024-09-26T17:20:00.000000,226.8000030517578,7,true,false
983,2024-09-26T17:25:00.000000,227.15499877929688,7,true,true
984,2024-09-26T17:30:00.000000,227.39999389648438,7,true,true
985,2024-09-26T17:35:00.000000,227.39500427246094,7,true,true
986,2024-09-26T17:40:00.000000,227.4499969482422,7,true,true
987,2024-09-26T17:45:00.000000,227.4600067138672,7,true,true
988,2024-09-26T17:50:00.000000,227.360107421875,7,true,true
989,2024-09-26T17:55:00.000000,227.13499450683594,7,true,true
990,2024-09-26T18:00:00.000000,227.1147003173828,7,true,true
991,2024-09-26T18:05:00.000000,227.1300048828125,7,true,true
992,2024-09-26T18:10:00.000000,227.32009887695312,7,true,true
993,2024-09-26T18:15:00.000000,227.389892578125,7,true,true
994,2024-09-26T18:20:00.000000,227.52000427246094,7,true,true
995,2024-09-26T18:25:00.000000,227.7050018310547,7,true,true
996,2024-09-26T18:30:00.000000,227.6699981689453,7,true,true
997,2024-09-26T18:35:00.000000,227.7100067138672,7,true,true
998,2024-09-26T18:40:00.000000,227.6363983154297,7,true,true
999,2024-09-26T18:45:00.000000,227.57000732421875,7,true,true
1000,2024-09-26T18:50:00.000000,227.74000549316406,7,true,true
1001,2024-09-26T18:55:00.000000,227.76499938964844,7,true,true
1002,2024-09-26T19:00:00.000000,227.77000427246094,7,true,true
1003,2024-09-26T19:05:00.000000,227.7100067138672,7,true,true
1004,2024-09-26T19:10:00.000000,227.8000030517578,7,true,true
1005,2024-09-26T19:15:00.000000,227.70989990234375,7,true,true
1006,2024-09-26T19:20:00.000000,227.54949951171875,7,true,true
1007,2024-09-26T19:25:00.000000,227.5749969482422,7,true,true
1008,2024-09-26T19:30:00.000000,227.7100067138672,7,true,true
1009,2024-09-26T19:35:00.000000,227.67999267578125,7,true,true
1010,2024-09-26T19:40:00.000000,227.3699951171875,7,true,true
1011,2024-09-26T19:45:00.000000,227.49000549316406,7,true,true
1012,2024-09-26T19:50:00.000000,227.11000061035156,7,true,true
1013,2024-09-26T19:55:00.000000,227.6199951171875,7,true,true
1014,2024-09-27T13:30:00.000000,229.0800018310547,8,true,false
1015,2024-09-27T13:35:00.000000,228.34719848632812,8,true,false
1016,2024-09-27T13:40:00.000000,228.05990600585938,8,true,false
1017,2024-09-27T13:45:00.000000,228.83099365234375,8,true,false
1018,2024-09-27T13:50:00.000000,228.99000549316406,8,true,false
1019,2024-09-27T13:55:00.000000,228.8000030517578,8,true,false
1020,2024-09-27T14:00:00.000000,229.11500549316406,8,true,false
1021,2024-09-27T14:05:00.000000,229.3000030517578,8,true,true
1022,2024-09-27T14:10:00.000000,229.0399932861328,8,true,false
1023,2024-09-27T14:15:00.000000,228.889892578125,8,true,false
1024,2024-09-27T14:20:00.000000,229.0,8,true,false
1025,2024-09-27T14:25:00.000000,228.96499633789062,8,true,false
1026,2024-09-27T14:30:00.000000,228.54989624023438,8,true,false
1027,2024-09-27T14:35:00.000000,228.8300018310547,8,true,false
1028,2024-09-27T14:40:00.000000,228.57200622558594,8,true,false
1029,2024-09-27T14:45:00.000000,228.88999938964844,8,true,false
1030,2024-09-27T14:50:00.000000,228.86500549316406,8,true,false
1031,2024-09-27T14:55:00.000000,228.63999938964844,8,true,false
1032,2024-09-27T15:00:00.000000,228.55999755859375,8,true,false
1033,2024-09-27T15:05:00.000000,228.19000244140625,8,true,false
1034,2024-09-27T15:10:00.000000,228.16299438476562,8,true,false
1035,2024-09-27T15:15:00.000000,227.9949951171875,8,false,false
1036,2024-09-27T15:20:00.000000,227.9600067138672,8,false,false
1037,2024-09-27T15:25:00.000000,228.1300048828125,8,true,false
1038,2024-09-27T15:30:00.000000,227.75999450683594,8,false,false
1039,2024-09-27T15:35:00.000000,227.9600067138672,8,true,false
1040,2024-09-27T15:40:00.000000,228.11000061035156,8,true,false
1041,2024-09-27T15:45:00.000000,227.69000244140625,8,false,false
1042,2024-09-27T15:50:00.000000,227.60000610351562,8,true,false
1043,2024-09-27T15:55:00.000000,227.50999450683594,8,false,false
1044,2024-09-27T16:00:00.000000,227.7949981689453,8,true,false
1045,2024-09-27T16:05:00.000000,227.60000610351562,8,true,false
1046,2024-09-27T16:10:00.000000,227.69000244140625,8,true,false
1047,2024-09-27T16:15:00.000000,227.8699951171875,8,true,false
1048,2024-09-27T16:20:00.000000,227.91000366210938,8,true,false
1049,2024-09-27T16:25:00.000000,228.14999389648438,8,true,false
1050,2024-09-27T16:30:00.000000,228.16000366210938,8,true,false
1051,2024-09-27T16:35:00.000000,228.2449951171875,8,true,false
1052,2024-09-27T16:40:00.000000,228.30990600585938,8,true,false
1053,2024-09-27T16:45:00.000000,228.2100067138672,8,true,false
1054,2024-09-27T16:50:00.000000,228.04580688476562,8,true,false
1055,2024-09-27T16:55:00.000000,228.32000732421875,8,true,false
1056,2024-09-27T17:00:00.000000,228.5500030517578,8,true,false
1057,2024-09-27T17:05:00.000000,228.21090698242188,8,true,false
1058,2024-09-27T17:10:00.000000,228.0500030517578,8,true,false
1059,2024-09-27T17:15:00.000000,227.99000549316406,8,true,false
1060,2024-09-27T17:20:00.000000,228.11000061035156,8,true,false
1061,2024-09-27T17:25:00.000000,227.9949951171875,8,true,false
1062,2024-09-27T17:30:00.000000,227.98500061035156,8,true,false
1063,2024-09-27T17:35:00.000000,227.87579345703125,8,true,false
1064,2024-09-27T17:40:00.000000,228.05499267578125,8,true,false
1065,2024-09-27T17:45:00.000000,227.90499877929688,8,true,false
1066,2024-09-27T17:50:00.000000,228.125,8,true,false
1067,2024-09-27T17:55:00.000000,228.36500549316406,8,true,false
1068,2024-09-27T18:00:00.000000,228.22999572753906,8,true,false
1069,2024-09-27T18:05:00.000000,228.08999633789062,8,true,false
1070,2024-09-27T18:10:00.000000,227.9521026611328,8,true,false
1071,2024-09-27T18:15:00.000000,227.93499755859375,8,true,false
1072,2024-09-27T18:20:00.000000,228.06500244140625,8,true,false
1073,2024-09-27T18:25:00.000000,227.89500427246094,8,true,false
1074,2024-09-27T18:30:00.000000,227.7205047607422,8,true,false
1075,2024-09-27T18:35:00.000000,227.75999450683594,8,true,false
1076,2024-09-27T18:40:00.000000,227.8000030517578,8,true,false
1077,2024-09-27T18:45:00.000000,228.02000427246094,8,true,false
1078,2024-09-27T18:50:00.000000,227.97999572753906,8,true,false
1079,2024-09-27T18:55:00.000000,228.10659790039062,8,true,false
1080,2024-09-27T19:00:00.000000,228.0500030517578,8,true,false
1081,2024-09-27T19:05:00.000000,227.9499969482422,8,true,false
1082,2024-09-27T19:10:00.000000,227.93499755859375,8,true,false
1083,2024-09-27T19:15:00.000000,227.9199981689453,8,true,false
1084,2024-09-27T19:20:00.000000,227.84500122070312,8,true,false
1085,2024-09-27T19:25:00.000000,227.80999755859375,8,true,false
1086,2024-09-27T19:30:00.000000,227.82000732421875,8,true,false
1087,2024-09-27T19:35:00.000000,227.74000549316406,8,true,false
1088,2024-09-27T19:40:00.000000,227.69000244140625,8,true,false
1089,2024-09-27T19:45:00.000000,227.5749969482422,8,true,false
1090,2024-09-27T19:50:00.000000,227.72999572753906,8,true,false
1091,2024-09-27T19:55:00.000000,227.82000732421875,8,true,false
1092,2024-09-30T13:30:00.000000,232.29200744628906,9,true,false
1093,2024-09-30T13:35:00.000000,232.11590576171875,9,true,false
1094,2024-09-30T13:40:00.000000,231.5399932861328,9,true,false
1095,2024-09-30T13:45:00.000000,231.62269592285156,9,true,false
1096,2024-09-30T13:50:00.000000,231.33999633789062,9,true,false
1097,2024-09-30T13:55:00.000000,230.9250030517578,9,true,false
1098,2024-09-30T14:00:00.000000,231.1199951171875,9,true,false
1099,2024-09-30T14:05:00.000000,230.82000732421875,9,true,false
1100,2024-09-30T14:10:00.000000,230.6320037841797,9,true,false
1101,2024-09-30T14:15:00.000000,230.5966033935547,9,true,false
1102,2024-09-30T14:20:00.000000,230.5399932861328,9,true,false
1103,2024-09-30T14:25:00.000000,230.97999572753906,9,true,false
1104,2024-09-30T14:30:00.000000,231.22500610351562,9,true,false
1105,2024-09-30T14:35:00.000000,231.11050415039062,9,true,false
1106,2024-09-30T14:40:00.000000,231.09010314941406,9,true,false
1107,2024-09-30T14:45:00.000000,231.4600067138672,9,true,false
1108,2024-09-30T14:50:00.000000,231.55999755859375,9,true,false
1109,2024-09-30T14:55:00.000000,231.61000061035156,9,true,false
1110,2024-09-30T15:00:00.000000,231.7075958251953,9,true,false
1111,2024-09-30T15:05:00.000000,231.4499969482422,9,true,false
1112,2024-09-30T15:10:00.000000,231.7899932861328,9,true,false
1113,2024-09-30T15:15:00.000000,231.5800018310547,9,true,false
1114,2024-09-30T15:20:00.000000,231.7100067138672,9,true,false
1115,2024-09-30T15:25:00.000000,231.89999389648438,9,true,false
1116,2024-09-30T15:30:00.000000,231.91000366210938,9,true,false
1117,2024-09-30T15:35:00.000000,231.9801025390625,9,true,false
1118,2024-09-30T15:40:00.000000,232.0500030517578,9,true,false
1119,2024-09-30T15:45:00.000000,232.19000244140625,9,true,false
1120,2024-09-30T15:50:00.000000,232.27000427246094,9,true,false
1121,2024-09-30T15:55:00.000000,232.25,9,true,false
1122,2024-09-30T16:00:00.000000,232.3249969482422,9,true,false
1123,2024-09-30T16:05:00.000000,232.42999267578125,9,true,false
1124,2024-09-30T16:10:00.000000,232.3300018310547,9,true,false
1125,2024-09-30T16:15:00.000000,232.30999755859375,9,true,false
1126,2024-09-30T16:20:00.000000,232.13499450683594,9,true,false
1127,2024-09-30T16:25:00.000000,232.1199951171875,9,true,false
1128,2024-09-30T16:30:00.000000,231.89999389648438,9,true,false
1129,2024-09-30T16:35:00.000000,232.0998992919922,9,true,false
1130,2024-09-30T16:40:00.000000,232.11000061035156,9,true,false
1131,2024-09-30T16:45:00.000000,232.13999938964844,9,true,false
1132,2024-09-30T16:50:00.000000,232.0,9,true,false
1133,2024-09-30T16:55:00.000000,231.7877960205078,9,true,false
1134,2024-09-30T17:00:00.000000,231.781005859375,9,true,false
1135,2024-09-30T17:05:00.000000,231.656494140625,9,false,false
1136,2024-09-30T17:10:00.000000,231.4550018310547,9,false,false
1137,2024-09-30T17:15:00.000000,231.66259765625,9,false,false
1138,2024-09-30T17:20:00.000000,231.85000610351562,9,true,false
1139,2024-09-30T17:25:00.000000,231.64500427246094,9,true,false
1140,2024-09-30T17:30:00.000000,231.5850067138672,9,true,false
1141,2024-09-30T17:35:00.000000,231.44500732421875,9,true,false
1142,2024-09-30T17:40:00.000000,231.5,9,true,false
1143,2024-09-30T17:45:00.000000,231.61419677734375,9,true,false
1144,2024-09-30T17:50:00.000000,231.75,9,true,false
1145,2024-09-30T17:55:00.000000,231.83999633789062,9,true,false
1146,2024-09-30T18:00:00.000000,231.6999969482422,9,true,false
1147,2024-09-30T18:05:00.000000,231.72000122070312,9,true,false
1148,2024-09-30T18:10:00.000000,231.50999450683594,9,true,false
1149,2024-09-30T18:15:00.000000,231.09010314941406,9,true,false
1150,2024-09-30T18:20:00.000000,230.8300018310547,9,true,false
1151,2024-09-30T18:25:00.000000,231.00999450683594,9,true,false
1152,2024-09-30T18:30:00.000000,231.3249969482422,9,true,false
1153,2024-09-30T18:35:00.000000,231.6490020751953,9,true,false
1154,2024-09-30T18:40:00.000000,231.8000946044922,9,true,false
1155,2024-09-30T18:45:00.000000,231.7100067138672,9,true,false
1156,2024-09-30T18:50:00.000000,231.8300018310547,9,true,false
1157,2024-09-30T18:55:00.000000,231.75160217285156,9,true,false
1158,2024-09-30T19:00:00.000000,231.6199951171875,9,true,false
1159,2024-09-30T19:05:00.000000,231.6199951171875,9,true,false
1160,2024-09-30T19:10:00.000000,231.4149932861328,9,true,false
1161,2024-09-30T19:15:00.000000,231.34500122070312,9,true,false
1162,2024-09-30T19:20:00.000000,231.23500061035156,9,true,false
1163,2024-09-30T19:25:00.000000,231.22000122070312,9,true,false
1164,2024-09-30T19:30:00.000000,231.23440551757812,9,true,false
1165,2024-09-30T19:35:00.000000,231.28970336914062,9,true,false
1166,2024-09-30T19:40:00.000000,231.38999938964844,9,true,false
1167,2024-09-30T19:45:00.000000,231.4340057373047,9,true,false
1168,2024-09-30T19:50:00.000000,232.19000244140625,9,true,false
1169,2024-09-30T19:55:00.000000,233.0,9,true,true
1170,2024-10-01T13:30:00.000000,227.64500427246094,9,false,
1171,2024-10-01T13:35:00.000000,226.75999450683594,9,false,
1172,2024-10-01T13:40:00.000000,226.58999633789062,9,false,
1173,2024-10-01T13:45:00.000000,226.11500549316406,9,false,
1174,2024-10-01T13:50:00.000000,226.00990295410156,9,false,
1175,2024-10-01T13:55:00.000000,226.125,9,false,
1176,2024-10-01T14:00:00.000000,226.0050048828125,9,false,
1177,2024-10-01T14:05:00.000000,225.4600067138672,9,false,
1178,2024-10-01T14:10:00.000000,225.3699951171875,9,false,
1179,2024-10-01T14:15:00.000000,225.05870056152344,9,false,
1180,2024-10-01T14:20:00.000000,225.11000061035156,9,false,
1181,2024-10-01T14:25:00.000000,224.9600067138672,9,false,
1182,2024-10-01T14:30:00.000000,224.76390075683594,9,false,
1183,2024-10-01T14:35:00.000000,224.92999267578125,9,false,
1184,2024-10-01T14:40:00.000000,225.2100067138672,9,false,
1185,2024-10-01T14:45:00.000000,225.01499938964844,9,false,
1186,2024-10-01T14:50:00.000000,225.03399658203125,9,false,
1187,2024-10-01T14:55:00.000000,225.32000732421875,9,false,
1188,2024-10-01T15:00:00.000000,224.889892578125,9,false,
1189,2024-10-01T15:05:00.000000,224.63999938964844,9,false,
1190,2024-10-01T15:10:00.000000,224.7899932861328,9,false,
1191,2024-10-01T15:15:00.000000,224.71009826660156,9,false,
1192,2024-10-01T15:20:00.000000,224.94000244140625,9,false,
1193,2024-10-01T15:25:00.000000,225.47500610351562,9,false,
1194,2024-10-01T15:30:00.000000,225.46319580078125,9,false,
1195,2024-10-01T15:35:00.000000,225.5885009765625,9,false,
1196,2024-10-01T15:40:00.000000,225.69009399414062,9,false,
1197,2024-10-01T15:45:00.000000,225.47500610351562,9,false,
1198,2024-10-01T15:50:00.000000,225.58990478515625,9,false,
1199,2024-10-01T15:55:00.000000,225.22000122070312,9,false,
1200,2024-10-01T16:00:00.000000,225.4398956298828,9,false,
1201,2024-10-01T16:05:00.000000,225.63909912109375,9,false,
1202,2024-10-01T16:10:00.000000,225.2899932861328,9,false,
1203,2024-10-01T16:15:00.000000,225.4600067138672,9,false,
1204,2024-10-01T16:20:00.000000,225.4243927001953,9,false,
1205,2024-10-01T16:25:00.000000,225.31300354003906,9,false,
1206,2024-10-01T16:30:00.000000,225.0749969482422,9,false,
1207,2024-10-01T16:35:00.000000,224.72999572753906,9,false,
1208,2024-10-01T16:40:00.000000,224.5189971923828,9,false,
1209,2024-10-01T16:45:00.000000,224.44000244140625,9,false,
1210,2024-10-01T16:50:00.000000,224.7801055908203,9,false,
1211,2024-10-01T16:55:00.000000,224.75,9,false,
1212,2024-10-01T17:00:00.000000,224.6313018798828,9,false,
1213,2024-10-01T17:05:00.000000,224.3000030517578,9,false,
1214,2024-10-01T17:10:00.000000,224.22999572753906,9,false,
1215,2024-10-01T17:15:00.000000,224.00999450683594,9,false,
1216,2024-10-01T17:20:00.000000,224.02499389648438,9,false,
1217,2024-10-01T17:25:00.000000,223.92999267578125,9,false,
1218,2024-10-01T17:30:00.000000,224.52000427246094,9,false,
1219,2024-10-01T17:35:00.000000,224.32000732421875,9,false,
1220,2024-10-01T17:40:00.000000,224.54010009765625,9,false,
1221,2024-10-01T17:45:00.000000,224.41000366210938,9,false,
1222,2024-10-01T17:50:00.000000,224.6199951171875,9,false,
1223,2024-10-01T17:55:00.000000,225.1300048828125,9,false,
1224,2024-10-01T18:00:00.000000,225.1999969482422,9,false,
1225,2024-10-01T18:05:00.000000,225.2899932861328,9,false,
1226,2024-10-01T18:10:00.000000,225.4499969482422,9,false,
1227,2024-10-01T18:15:00.000000,225.47999572753906,9,false,
1228,2024-10-01T18:20:00.000000,225.3000030517578,9,false,
1229,2024-10-01T18:25:00.000000,225.4600067138672,9,false,
1230,2024-10-01T18:30:00.000000,225.5,9,false,
1231,2024-10-01T18:35:00.000000,225.5399932861328,9,false,
1232,2024-10-01T18:40:00.000000,225.46499633789062,9,false,
1233,2024-10-01T18:45:00.000000,225.44000244140625,9,false,
1234,2024-10-01T18:50:00.000000,225.44000244140625,9,false,
1235,2024-10-01T18:55:00.000000,225.60400390625,9,false,
1236,2024-10-01T19:00:00.000000,225.6300048828125,9,false,
1237,2024-10-01T19:05:00.000000,225.8249053955078,9,false,
1238,2024-10-01T19:10:00.000000,225.84010314941406,9,false,
1239,2024-10-01T19:15:00.000000,225.97000122070312,9,false,
1240,2024-10-01T19:20:00.000000,226.05999755859375,9,false,
1241,2024-10-01T19:25:00.000000,226.1501007080078,9,false,
1242,2024-10-01T19:30:00.000000,226.1300048828125,9,false,
1243,2024-10-01T19:35:00.000000,226.02999877929688,9,false,
1244,2024-10-01T19:40:00.000000,226.1750030517578,9,false,
1245,2024-10-01T19:45:00.000000,225.94610595703125,9,false,
1246,2024-10-01T19:50:00.000000,225.9199981689453,9,false,
1247,2024-10-01T19:55:00.000000,226.25999450683594,9,false,
1248,2024-10-02T13:30:00.000000,224.56500244140625,9,false,
1249,2024-10-02T13:35:00.000000,224.23500061035156,9,false,
1250,2024-10-02T13:40:00.000000,223.6501007080078,9,false,
1251,2024-10-02T13:45:00.000000,224.4499969482422,9,false,
1252,2024-10-02T13:50:00.000000,223.4499969482422,9,false,
1253,2024-10-02T13:55:00.000000,223.36000061035156,9,false,
1254,2024-10-02T14:00:00.000000,224.3000030517578,9,false,
1255,2024-10-02T14:05:00.000000,224.29640197753906,9,false,
1256,2024-10-02T14:10:00.000000,224.57000732421875,9,false,
1257,2024-10-02T14:15:00.000000,224.9080047607422,9,false,
1258,2024-10-02T14:20:00.000000,224.74009704589844,9,false,
1259,2024-10-02T14:25:00.000000,225.4199981689453,9,false,
1260,2024-10-02T14:30:00.000000,225.55999755859375,9,false,
1261,2024-10-02T14:35:00.000000,225.94500732421875,9,false,
1262,2024-10-02T14:40:00.000000,225.91400146484375,9,false,
1263,2024-10-02T14:45:00.000000,226.3300018310547,9,false,
1264,2024-10-02T14:50:00.000000,225.77999877929688,9,false,
1265,2024-10-02T14:55:00.000000,226.0800018310547,9,false,
1266,2024-10-02T15:00:00.000000,226.24000549316406,9,false,
1267,2024-10-02T15:05:00.000000,226.27000427246094,9,false,
1268,2024-10-02T15:10:00.000000,226.1300048828125,9,false,
1269,2024-10-02T15:15:00.000000,226.57000732421875,9,false,
1270,2024-10-02T15:20:00.000000,226.23500061035156,9,false,
1271,2024-10-02T15:25:00.000000,226.2050018310547,9,false,
1272,2024-10-02T15:30:00.000000,226.64999389648438,9,false,
1273,2024-10-02T15:35:00.000000,226.64999389648438,9,false,
1274,2024-10-02T15:40:00.000000,227.0399932861328,9,false,
1275,2024-10-02T15:45:00.000000,226.80999755859375,9,false,
1276,2024-10-02T15:50:00.000000,226.7899932861328,9,false,
1277,2024-10-02T15:55:00.000000,226.83999633789062,9,false,
1278,2024-10-02T16:00:00.000000,226.8300018310547,9,false,
1279,2024-10-02T16:05:00.000000,226.73019409179688,9,false,
1280,2024-10-02T16:10:00.000000,226.82000732421875,9,false,
1281,2024-10-02T16:15:00.000000,226.8000030517578,9,false,
1282,2024-10-02T16:20:00.000000,226.8916015625,9,false,
1283,2024-10-02T16:25:00.000000,226.95199584960938,9,false,
1284,2024-10-02T16:30:00.000000,226.75,9,false,
1285,2024-10-02T16:35:00.000000,226.8699951171875,9,false,
1286,2024-10-02T16:40:00.000000,226.80999755859375,9,false,
1287,2024-10-02T16:45:00.000000,226.86000061035156,9,false,
1288,2024-10-02T16:50:00.000000,226.9199981689453,9,false,
1289,2024-10-02T16:55:00.000000,226.63499450683594,9,false,
1290,2024-10-02T17:00:00.000000,226.9550018310547,9,false,
1291,2024-10-02T17:05:00.000000,226.9250030517578,9,false,
1292,2024-10-02T17:10:00.000000,226.94000244140625,9,false,
1293,2024-10-02T17:15:00.000000,226.86000061035156,9,false,
1294,2024-10-02T17:20:00.000000,226.764404296875,9,false,
1295,2024-10-02T17:25:00.000000,226.95989990234375,9,false,
1296,2024-10-02T17:30:00.000000,226.42999267578125,9,false,
1297,2024-10-02T17:35:00.000000,226.8000030517578,9,false,
1298,2024-10-02T17:40:00.000000,226.69000244140625,9,false,
1299,2024-10-02T17:45:00.000000,227.0399932861328,9,false,
1300,2024-10-02T17:50:00.000000,227.08380126953125,9,false,
1301,2024-10-02T17:55:00.000000,227.11599731445312,9,false,
1302,2024-10-02T18:00:00.000000,227.0800018310547,9,false,
1303,2024-10-02T18:05:00.000000,227.08999633789062,9,false,
1304,2024-10-02T18:10:00.000000,227.07400512695312,9,false,
1305,2024-10-02T18:15:00.000000,227.08999633789062,9,false,
1306,2024-10-02T18:20:00.000000,226.94000244140625,9,false,
1307,2024-10-02T18:25:00.000000,226.82000732421875,9,false,
1308,2024-10-02T18:30:00.000000,226.8800048828125,9,false,
1309,2024-10-02T18:35:00.000000,226.78500366210938,9,false,
1310,2024-10-02T18:40:00.000000,226.8300018310547,9,false,
1311,2024-10-02T18:45:00.000000,226.89999389648438,9,false,
1312,2024-10-02T18:50:00.000000,226.9228973388672,9,false,
1313,2024-10-02T18:55:00.000000,226.89999389648438,9,false,
1314,2024-10-02T19:00:00.000000,227.0399932861328,9,false,
1315,2024-10-02T19:05:00.000000,227.04800415039062,9,false,
1316,2024-10-02T19:10:00.000000,227.10499572753906,9,false,
1317,2024-10-02T19:15:00.000000,227.1699981689453,9,false,
1318,2024-10-02T19:20:00.000000,227.22999572753906,9,false,
1319,2024-10-02T19:25:00.000000,227.24000549316406,9,false,
1320,2024-10-02T19:30:00.000000,227.11500549316406,9,false,
1321,2024-10-02T19:35:00.000000,227.24000549316406,9,false,
1322,2024-10-02T19:40:00.000000,227.2519989013672,9,false,
1323,2024-10-02T19:45:00.000000,227.24000549316406,9,false,
1324,2024-10-02T19:50:00.000000,227.02999877929688,9,false,
1325,2024-10-02T19:55:00.000000,226.80999755859375,9,false,
1326,2024-10-03T13:30:00.000000,225.7050018310547,10,false,false
1327,2024-10-03T13:35:00.000000,226.20599365234375,10,true,false
1328,2024-10-03T13:40:00.000000,225.97999572753906,10,true,false
1329,2024-10-03T13:45:00.000000,226.11000061035156,10,true,false
1330,2024-10-03T13:50:00.000000,226.2530059814453,10,true,false
1331,2024-10-03T13:55:00.000000,226.30499267578125,10,true,false
1332,2024-10-03T14:00:00.000000,226.52499389648438,10,true,true
1333,2024-10-03T14:05:00.000000,226.38999938964844,10,true,false
1334,2024-10-03T14:10:00.000000,225.67999267578125,10,false,false
1335,2024-10-03T14:15:00.000000,225.5,10,false,false
1336,2024-10-03T14:20:00.000000,225.05999755859375,10,false,false
1337,2024-10-03T14:25:00.000000,224.8350067138672,10,false,false
1338,2024-10-03T14:30:00.000000,225.47000122070312,10,false,false
1339,2024-10-03T14:35:00.000000,225.27000427246094,10,false,false
1340,2024-10-03T14:40:00.000000,224.64999389648438,10,false,false
1341,2024-10-03T14:45:00.000000,224.72279357910156,10,false,false
1342,2024-10-03T14:50:00.000000,225.1157989501953,10,false,false
1343,2024-10-03T14:55:00.000000,224.32000732421875,10,false,false
1344,2024-10-03T15:00:00.000000,224.36000061035156,10,false,false
1345,2024-10-03T15:05:00.000000,224.63999938964844,10,false,false
1346,2024-10-03T15:10:00.000000,224.47999572753906,10,false,false
1347,2024-10-03T15:15:00.000000,224.5399932861328,10,false,false
1348,2024-10-03T15:20:00.000000,224.9149932861328,10,false,false
1349,2024-10-03T15:25:00.000000,224.87420654296875,10,false,false
1350,2024-10-03T15:30:00.000000,225.02000427246094,10,false,false
1351,2024-10-03T15:35:00.000000,225.0,10,false,false
1352,2024-10-03T15:40:00.000000,225.1300048828125,10,false,false
1353,2024-10-03T15:45:00.000000,225.05999755859375,10,false,false
1354,2024-10-03T15:50:00.000000,225.1199951171875,10,false,false
1355,2024-10-03T15:55:00.000000,225.13499450683594,10,false,false
1356,2024-10-03T16:00:00.000000,225.02330017089844,10,false,false
1357,2024-10-03T16:05:00.000000,225.25,10,false,false
1358,2024-10-03T16:10:00.000000,225.25999450683594,10,false,false
1359,2024-10-03T16:15:00.000000,225.11000061035156,10,false,false
1360,2024-10-03T16:20:00.000000,225.13009643554688,10,false,false
1361,2024-10-03T16:25:00.000000,225.07119750976562,10,false,false
1362,2024-10-03T16:30:00.000000,224.74110412597656,10,false,false
1363,2024-10-03T16:35:00.000000,224.75999450683594,10,false,false
1364,2024-10-03T16:40:00.000000,224.47999572753906,10,false,false
1365,2024-10-03T16:45:00.000000,224.0,10,false,false
1366,2024-10-03T16:50:00.000000,223.72000122070312,10,false,false
1367,2024-10-03T16:55:00.000000,223.82000732421875,10,false,false
1368,2024-10-03T17:00:00.000000,223.42999267578125,10,false,false
1369,2024-10-03T17:05:00.000000,223.72000122070312,10,false,false
1370,2024-10-03T17:10:00.000000,223.75,10,false,false
1371,2024-10-03T17:15:00.000000,223.7449951171875,10,false,false
1372,2024-10-03T17:20:00.000000,223.92999267578125,10,false,false
1373,2024-10-03T17:25:00.000000,223.8350067138672,10,false,false
1374,2024-10-03T17:30:00.000000,224.24000549316406,10,false,false
1375,2024-10-03T17:35:00.000000,224.0699005126953,10,false,false
1376,2024-10-03T17:40:00.000000,224.1699981689453,10,false,false
1377,2024-10-03T17:45:00.000000,224.05499267578125,10,false,false
1378,2024-10-03T17:50:00.000000,224.17909240722656,10,false,false
1379,2024-10-03T17:55:00.000000,224.3000030517578,10,false,false
1380,2024-10-03T18:00:00.000000,224.2100067138672,10,false,false
1381,2024-10-03T18:05:00.000000,224.1699981689453,10,false,false
1382,2024-10-03T18:10:00.000000,224.0500030517578,10,false,false
1383,2024-10-03T18:15:00.000000,224.1300048828125,10,false,false
1384,2024-10-03T18:20:00.000000,223.88400268554688,10,false,false
1385,2024-10-03T18:25:00.000000,223.84010314941406,10,false,false
1386,2024-10-03T18:30:00.000000,223.91000366210938,10,false,false
1387,2024-10-03T18:35:00.000000,224.0198974609375,10,false,false
1388,2024-10-03T18:40:00.000000,223.85989379882812,10,false,false
1389,2024-10-03T18:45:00.000000,223.79989624023438,10,false,false
1390,2024-10-03T18:50:00.000000,223.73500061035156,10,false,false
1391,2024-10-03T18:55:00.000000,223.6300048828125,10,false,false
1392,2024-10-03T19:00:00.000000,223.6750030517578,10,false,false
1393,2024-10-03T19:05:00.000000,223.6781005859375,10,false,false
1394,2024-10-03T19:10:00.000000,223.60989379882812,10,false,false
1395,2024-10-03T19:15:00.000000,223.69500732421875,10,false,false
1396,2024-10-03T19:20:00.000000,223.8699951171875,10,false,false
1397,2024-10-03T19:25:00.000000,223.6999969482422,10,false,false
1398,2024-10-03T19:30:00.000000,223.95750427246094,10,false,false
1399,2024-10-03T19:35:00.000000,224.05999755859375,10,false,false
1400,2024-10-03T19:40:00.000000,224.0800018310547,10,false,false
1401,2024-10-03T19:45:00.000000,224.6439971923828,10,false,false
1402,2024-10-03T19:50:00.000000,225.14999389648438,10,false,false
1403,2024-10-03T19:55:00.000000,225.6699981689453,10,true,false
1404,2024-10-04T13:30:00.000000,227.0399932861328,11,true,false
1405,2024-10-04T13:35:00.000000,226.0299072265625,11,true,false
1406,2024-10-04T13:40:00.000000,225.97000122070312,11,true,false
1407,2024-10-04T13:45:00.000000,226.1999969482422,11,true,false
1408,2024-10-04T13:50:00.000000,225.6300048828125,11,true,false
1409,2024-10-04T13:55:00.000000,225.1898956298828,11,false,false
1410,2024-10-04T14:00:00.000000,225.5699005126953,11,true,false
1411,2024-10-04T14:05:00.000000,224.82949829101562,11,false,false
1412,2024-10-04T14:10:00.000000,224.88499450683594,11,false,false
1413,2024-10-04T14:15:00.000000,225.22999572753906,11,false,false
1414,2024-10-04T14:20:00.000000,224.73500061035156,11,false,false
1415,2024-10-04T14:25:00.000000,224.510498046875,11,false,false
1416,2024-10-04T14:30:00.000000,224.6300048828125,11,false,false
1417,2024-10-04T14:35:00.000000,224.88999938964844,11,false,false
1418,2024-10-04T14:40:00.000000,225.3000030517578,11,false,false
1419,2024-10-04T14:45:00.000000,225.19009399414062,11,false,false
1420,2024-10-04T14:50:00.000000,225.10000610351562,11,false,false
1421,2024-10-04T14:55:00.000000,225.10879516601562,11,false,false
1422,2024-10-04T15:00:00.000000,225.13499450683594,11,false,false
1423,2024-10-04T15:05:00.000000,225.10000610351562,11,false,false
1424,2024-10-04T15:10:00.000000,225.0301055908203,11,false,false
1425,2024-10-04T15:15:00.000000,224.87570190429688,11,false,false
1426,2024-10-04T15:20:00.000000,224.6199951171875,11,false,false
1427,2024-10-04T15:25:00.000000,224.55999755859375,11,false,false
1428,2024-10-04T15:30:00.000000,224.60000610351562,11,false,false
1429,2024-10-04T15:35:00.000000,224.57000732421875,11,false,false
1430,2024-10-04T15:40:00.000000,224.8699951171875,11,false,false
1431,2024-10-04T15:45:00.000000,224.67999267578125,11,false,false
1432,2024-10-04T15:50:00.000000,225.2523956298828,11,false,false
1433,2024-10-04T15:55:00.000000,225.47000122070312,11,false,false
1434,2024-10-04T16:00:00.000000,225.32000732421875,11,false,false
1435,2024-10-04T16:05:00.000000,224.87010192871094,11,false,false
1436,2024-10-04T16:10:00.000000,224.86000061035156,11,false,false
1437,2024-10-04T16:15:00.000000,225.0,11,false,false
1438,2024-10-04T16:20:00.000000,224.85000610351562,11,false,false
1439,2024-10-04T16:25:00.000000,224.9499969482422,11,false,false
1440,2024-10-04T16:30:00.000000,224.9499969482422,11,false,false
1441,2024-10-04T16:35:00.000000,225.3800048828125,11,false,false
1442,2024-10-04T16:40:00.000000,225.38999938964844,11,false,false
1443,2024-10-04T16:45:00.000000,225.23199462890625,11,false,false
1444,2024-10-04T16:50:00.000000,224.97000122070312,11,false,false
1445,2024-10-04T16:55:00.000000,225.13999938964844,11,false,false
1446,2024-10-04T17:00:00.000000,225.13999938964844,11,false,false
1447,2024-10-04T17:05:00.000000,225.07989501953125,11,false,false
1448,2024-10-04T17:10:00.000000,225.26400756835938,11,false,false
1449,2024-10-04T17:15:00.000000,225.37879943847656,11,false,false
1450,2024-10-04T17:20:00.000000,225.3052978515625,11,false,false
1451,2024-10-04T17:25:00.000000,225.10009765625,11,false,false
1452,2024-10-04T17:30:00.000000,225.01119995117188,11,false,false
1453,2024-10-04T17:35:00.000000,224.85000610351562,11,false,false
1454,2024-10-04T17:40:00.000000,225.3300018310547,11,false,false
1455,2024-10-04T17:45:00.000000,225.08990478515625,11,false,false
1456,2024-10-04T17:50:00.000000,224.97999572753906,11,false,false
1457,2024-10-04T17:55:00.000000,224.8800048828125,11,false,false
1458,2024-10-04T18:00:00.000000,224.75,11,false,false
1459,2024-10-04T18:05:00.000000,224.8699951171875,11,false,false
1460,2024-10-04T18:10:00.000000,224.80999755859375,11,false,false
1461,2024-10-04T18:15:00.000000,225.02020263671875,11,false,false
1462,2024-10-04T18:20:00.000000,225.05999755859375,11,false,false
1463,2024-10-04T18:25:00.000000,225.08999633789062,11,false,false
1464,2024-10-04T18:30:00.000000,225.19000244140625,11,false,false
1465,2024-10-04T18:35:00.000000,225.1748046875,11,false,false
1466,2024-10-04T18:40:00.000000,225.22999572753906,11,false,false
1467,2024-10-04T18:45:00.000000,225.2949981689453,11,false,false
1468,2024-10-04T18:50:00.000000,225.3699951171875,11,false,false
1469,2024-10-04T18:55:00.000000,225.52999877929688,11,true,false
1470,2024-10-04T19:00:00.000000,225.42999267578125,11,false,false
1471,2024-10-04T19:05:00.000000,225.54190063476562,11,true,false
1472,2024-10-04T19:10:00.000000,225.36099243164062,11,false,false
1473,2024-10-04T19:15:00.000000,225.52999877929688,11,true,false
1474,2024-10-04T19:20:00.000000,225.8199005126953,11,true,false
1475,2024-10-04T19:25:00.000000,226.09010314941406,11,true,false
1476,2024-10-04T19:30:00.000000,226.28379821777344,11,true,false
1477,2024-10-04T19:35:00.000000,226.1300048828125,11,true,false
1478,2024-10-04T19:40:00.000000,226.36000061035156,11,true,false
1479,2024-10-04T19:45:00.000000,226.27999877929688,11,true,false
1480,2024-10-04T19:50:00.000000,226.52999877929688,11,true,false
1481,2024-10-04T19:55:00.000000,226.77999877929688,11,true,false
